date,tavg,tmin,tmax,prcp,snow,wdir,wspd,wpgt,pres,tsun
2023-01-01 00:00:00,5.8,4.2,9.3,0,,,13.6,24.1,1026.5,
2023-01-02 00:00:00,6.9,4.9,7.9,0,,,11.2,25.9,1025.3,
2023-01-03 00:00:00,7.1,3.1,10.7,0,,,7.8,18.5,1029.2,
2023-01-04 00:00:00,2.9,-0.5,6.1,0,,,7.2,18.5,1028.6,
2023-01-05 00:00:00,11.1,6.3,13.7,1.8,,,24.9,40.8,1017.4,
2023-01-06 00:00:00,8.6,6,10.4,0,,,9.6,29.6,1023.1,
2023-01-07 00:00:00,7.9,5,10,0,,,9.8,25.9,1021.4,
2023-01-08 00:00:00,5.2,0.4,7.4,0,,,14.2,33.3,1013.9,
2023-01-09 00:00:00,6,0.7,9,14.1,,,13.9,38.9,1005.6,
2023-01-10 00:00:00,6.4,5.8,7.6,7.5,,,30,44.5,1014.5,
2023-01-11 00:00:00,5,1.8,8.8,1.6,,,9.5,35.2,1020.6,
2023-01-12 00:00:00,5.8,2.7,11.4,2.7,,,6.8,22.2,1021,
2023-01-13 00:00:00,3.8,1.3,6.3,1.2,,,8.4,18.5,1018.3,
2023-01-14 00:00:00,5.7,-0.4,10.7,0,,,11.2,25.9,1021,
2023-01-15 00:00:00,4.3,2.3,6.4,5.9,,,12.6,33.3,1012.4,
2023-01-16 00:00:00,4,2.8,5.6,1.3,,,12.3,29.6,1001.6,
2023-01-17 00:00:00,3.6,1,7,4.1,,,12.2,25.9,992.4,
2023-01-18 00:00:00,4.1,2.5,7.3,1.1,,,9.9,24.1,994.2,
2023-01-19 00:00:00,2.6,0.1,4.3,0.9,,,18.3,40.8,1005.8,
2023-01-20 00:00:00,0.2,-2.1,1.7,0.2,,,19.7,40.8,1012.1,
2023-01-21 00:00:00,0.8,0.2,1.5,2.6,,,20.3,42.6,1016.5,
2023-01-22 00:00:00,0.8,-0.2,1.6,6.8,,,13.2,31.5,1023.8,
2023-01-23 00:00:00,2.6,1.2,5.9,0,,,9.8,24.1,1029,
2023-01-24 00:00:00,2.5,-0.5,5.7,0,,,11.4,25.9,1033.2,
2023-01-25 00:00:00,1.7,0.6,3.9,0,,,11.8,27.8,1031.1,
2023-01-26 00:00:00,0.9,0.4,1.7,0.2,,,5.6,16.7,1021.7,
2023-01-27 00:00:00,0.7,-0.2,1.9,0,,,13.8,27.8,1018.2,
2023-01-28 00:00:00,0.4,-0.5,1.1,0.2,,,19.5,33.3,1022.1,
2023-01-29 00:00:00,-0.8,-4,1,0,,,16.4,35.2,1026.8,
2023-01-30 00:00:00,0.2,-6.3,5,0.3,,,18.4,46.3,1017.2,
2023-01-31 00:00:00,4.6,2.1,6.8,1.7,,,25.4,46.3,1018.4,
2023-02-01 00:00:00,5.8,4.2,7.7,3.6,,,34,50,1016.3,
2023-02-02 00:00:00,4.1,2.4,6.3,1.9,,,30.1,46.3,1017.7,
2023-02-03 00:00:00,3.6,0.3,6.9,9,,,24.9,57.4,1020.5,
2023-02-04 00:00:00,3,0,6.2,0.5,,,31.8,68.5,1025.3,
2023-02-05 00:00:00,-1.2,-4,1,0,,,22.9,37,1036.5,
2023-02-06 00:00:00,-3.7,-5.9,-0.5,0,,,9.4,27.8,1039.2,
2023-02-07 00:00:00,-3.6,-8.9,1.8,0,,,7.6,22.2,1040.8,
2023-02-08 00:00:00,-2.7,-7.1,2.1,0,,,6,22.2,1043.3,
2023-02-09 00:00:00,-2.7,-6.6,3,0,,,9.2,25.9,1040.8,
2023-02-10 00:00:00,-2.1,-7.3,5.1,0,,,6.9,24.1,1038.7,
2023-02-11 00:00:00,2.6,-5.6,8.8,0,,,14.1,35.2,1033.8,
2023-02-12 00:00:00,6.2,2,9.9,0.1,,,17,37,1035.9,
2023-02-13 00:00:00,3.6,-3.1,8.2,0,,,8.1,22.2,1038.3,
2023-02-14 00:00:00,5,0.8,7,0,,,13.6,29.6,1035.9,
2023-02-15 00:00:00,-0.6,-4.2,2.8,0,,,5.4,18.5,1033.5,
2023-02-16 00:00:00,-0.3,-4.1,4.6,0,,,6.9,16.7,1029.1,
2023-02-17 00:00:00,3.1,-3,12.4,1.7,,,8,29.6,1024.2,
2023-02-18 00:00:00,13.4,10.3,16.3,0.1,,,23.1,48.2,1018.2,
2023-02-19 00:00:00,10.2,4.4,14.9,4.4,,,24.8,46.3,1018.3,
2023-02-20 00:00:00,7.6,3,12.8,1.7,,,15.4,40.8,1022.6,
2023-02-21 00:00:00,10.4,6.2,14.7,0,,,16,40.8,1016.9,
2023-02-22 00:00:00,8.9,5.5,13.4,0,,,7.7,24.1,1017,
2023-02-23 00:00:00,7.8,4.8,11.8,0.7,,,12.5,27.8,1015.9,
2023-02-24 00:00:00,9.1,5,14.2,4.8,,,6.8,22.2,1007.1,
2023-02-25 00:00:00,6.1,2.5,9.1,3.8,,,22.1,50,1001.4,
2023-02-26 00:00:00,2.4,0.9,5,0,,,19,40.8,1012.3,
2023-02-27 00:00:00,1.3,-1.1,3.8,0,,,14.2,33.3,1023.5,
2023-02-28 00:00:00,1,-2.9,5.1,0,,,8.4,20.4,1028.9,
2023-03-01 00:00:00,3.4,-2,8.3,0,,,6.4,16.7,1026,
2023-03-02 00:00:00,4.2,-2.1,11,0,,,4.4,16.7,1021.4,
2023-03-03 00:00:00,4.6,-1.7,11,0,,,9.5,31.5,1018.4,
2023-03-04 00:00:00,4.7,-2.4,11.2,0,,,17.6,40.8,1017.2,
2023-03-05 00:00:00,3.8,3,5.6,0,,,16.3,37,1014.2,
2023-03-06 00:00:00,3.2,-0.5,5.1,0,,,8.7,22.2,1008.5,
2023-03-07 00:00:00,3,-2,7.6,0.7,,,12.4,31.5,1004.8,
2023-03-08 00:00:00,7.6,1.7,11.2,0,,,11.3,31.5,1002,
2023-03-09 00:00:00,11.3,6.2,15.9,0.8,,,16.6,44.5,999.6,
2023-03-10 00:00:00,10.3,1.9,17.8,3.9,,,13.8,42.6,997.1,
2023-03-11 00:00:00,5.9,1.7,10.7,0,,,34.1,72.2,1003,
2023-03-12 00:00:00,4.4,0.1,8.6,0,,,9.3,31.5,1016,
2023-03-13 00:00:00,8.8,2.7,15,0.2,,,11,29.6,1013,
2023-03-14 00:00:00,8.8,5.7,12.7,0.7,,,13.7,42.6,1002.1,
2023-03-15 00:00:00,6.4,4,9.2,0,,,24.3,46.3,1012.6,
2023-03-16 00:00:00,4.3,-0.3,9.2,0,,,14.8,29.6,1023.1,
2023-03-17 00:00:00,4.4,-3.6,11.5,0,,,18.6,46.3,1022.9,
2023-03-18 00:00:00,6.4,-1.1,14.1,0,,,16.1,40.8,1019.3,
2023-03-19 00:00:00,8,1.9,15.6,0,,,11,27.8,1018.1,
2023-03-20 00:00:00,11.1,2.9,17.5,0,,,11.3,29.6,1017.8,
2023-03-21 00:00:00,13.1,9.9,16.5,0,,,13.8,29.6,1016.7,
2023-03-22 00:00:00,13,8.7,19.3,0,,,7.1,18.5,1014.7,
2023-03-23 00:00:00,11.9,4.5,20.3,0,,,7.6,20.4,1013.3,
2023-03-24 00:00:00,13.6,9.1,18.5,2.8,,,8.6,24.1,1010.1,
2023-03-25 00:00:00,12.9,9.5,14.9,1.7,,,21.4,42.6,1009.6,
2023-03-26 00:00:00,11.7,4.2,16.2,3.7,,,17.1,35.2,1007.4,
2023-03-27 00:00:00,6.8,2.4,10.6,0.6,,,27,57.4,1005.4,
2023-03-28 00:00:00,3.2,1.1,6.8,0.5,,,27.7,55.5,1020.6,
2023-03-29 00:00:00,3.9,-3.6,9,0,,,8.8,25.9,1023.9,
2023-03-30 00:00:00,7.6,3.1,13.2,5.3,,,9.6,22.2,1017,
2023-03-31 00:00:00,11.7,6.9,17.1,0.6,,,12.6,37,1007.6,
2023-04-01 00:00:00,12.2,8.2,15.8,0.1,,,19.7,40.8,1003.2,
2023-04-02 00:00:00,9.2,5.4,12.2,0.6,,,19.8,38.9,1011.4,
2023-04-03 00:00:00,5.2,2.4,6.9,0,,,31.2,46.3,1021.6,
2023-04-04 00:00:00,2.6,0,6.3,0,,,31.6,46.3,1022.1,
2023-04-05 00:00:00,3,-1.9,7.6,0,,,21.3,38.9,1021.6,
2023-04-06 00:00:00,5,-1.7,9.8,0,,,19,42.6,1019,
2023-04-07 00:00:00,4.9,3.8,6.5,2.3,,,13,33.3,1016.9,
2023-04-08 00:00:00,3.3,0.3,6.2,9.3,,,6.8,18.5,1021,
2023-04-09 00:00:00,6.2,2.6,9.4,1.8,,,4.9,16.7,1024.5,
2023-04-10 00:00:00,9.9,4.9,15.1,0,,,12.1,25.9,1023.3,
2023-04-11 00:00:00,7.5,2.4,11.8,2.3,,,8.4,33.3,1015.2,
2023-04-12 00:00:00,9.7,4.3,15,0,,,12,25.9,1010.4,
2023-04-13 00:00:00,8.2,6.5,10.1,8.4,,,8.2,25.9,1006,
2023-04-14 00:00:00,6.4,4.2,9.1,29.8,,,17.8,37,1001.7,
2023-04-15 00:00:00,7,4.5,10,9.6,,,11.9,27.8,1006.8,
2023-04-16 00:00:00,8.7,2,12.4,0.4,,,9.7,27.8,1016,
2023-04-17 00:00:00,12.9,8.8,18.1,0.1,,,20.1,38.9,1015.9,
2023-04-18 00:00:00,12.7,9.6,15.7,1.5,,,10.3,27.8,1017.4,
2023-04-19 00:00:00,10.6,7.7,12.4,0.3,,,14,35.2,1016.5,
2023-04-20 00:00:00,11.4,5.7,16.8,0,,,6.8,22.2,1016.3,
2023-04-21 00:00:00,13.9,9.4,19.1,0,,,8.7,25.9,1015.9,
2023-04-22 00:00:00,13.6,6.5,20.3,0,,,7.9,24.1,1014.2,
2023-04-23 00:00:00,14.7,6.3,22.3,0,,,14.4,31.5,1011.1,
2023-04-24 00:00:00,12.9,10.8,15.6,0.1,,,13.9,33.3,1006.6,
2023-04-25 00:00:00,11.1,9,14.8,0.6,,,16.6,35.2,1008.5,
2023-04-26 00:00:00,8.9,5.6,12.3,0,,,20,38.9,1015.6,
2023-04-27 00:00:00,9.8,5.4,14.6,0,,,6.5,18.5,1020.3,
2023-04-28 00:00:00,9.7,2.8,16.2,2.1,,,12.6,31.5,1019.2,
2023-04-29 00:00:00,12.2,9.9,15.6,2.6,,,10.3,20.4,1014.8,
2023-04-30 00:00:00,13.4,10,16.8,0,,,19.2,35.2,1018.4,
2023-05-01 00:00:00,13,5.8,19.5,0,,,10,31.5,1018.3,
2023-05-02 00:00:00,14.1,8.3,18.1,3.7,,,11.8,25.9,1018.3,
2023-05-03 00:00:00,13.4,11,16.4,0.3,,,16.7,33.3,1022.5,
2023-05-04 00:00:00,14.2,8.3,20,0,,,8.7,25.9,1021.9,
2023-05-05 00:00:00,15.1,6.8,21.9,0,,,8.7,20.4,1019.5,
2023-05-06 00:00:00,14.5,10.4,20.9,5,,,6.5,22.2,1017.1,
2023-05-07 00:00:00,14.4,8.5,20.2,0,,,10,33.3,1018.5,
2023-05-08 00:00:00,11.8,6,18.3,0,,,8.7,20.4,1023.4,
2023-05-09 00:00:00,12,6.6,17.3,0,,,14.6,29.6,1022.5,
2023-05-10 00:00:00,13.6,5.9,19.7,0,,,17.7,40.8,1016.4,
2023-05-11 00:00:00,15.1,10.1,20.2,0,,,17,38.9,1016,
2023-05-12 00:00:00,11.2,10.2,12.3,9.4,,,16.6,33.3,1018.3,
2023-05-13 00:00:00,11.5,10.1,13.5,1.8,,,14.1,31.5,1021.4,
2023-05-14 00:00:00,10.9,9.4,12.5,19.6,,,13.6,29.6,1017,
2023-05-15 00:00:00,14.1,11.4,18,0.7,,,10.9,31.5,1009.6,
2023-05-16 00:00:00,12.4,10.4,13.9,31.6,,,7.7,24.1,1011,
2023-05-17 00:00:00,10.6,8.9,13.1,6.7,,,22,42.6,1014.5,
2023-05-18 00:00:00,11.7,9.4,14.2,3.8,,,14,35.2,1021.4,
2023-05-19 00:00:00,13.9,10,18.9,0.2,,,5.3,14.8,1023,
2023-05-20 00:00:00,17.7,9.7,24.6,0,,,9.7,25.9,1019.8,
2023-05-21 00:00:00,20,13.7,26,0,,,9.8,24.1,1016.7,
2023-05-22 00:00:00,20,13.3,25.9,1.3,,,7.1,20.4,1014.5,
2023-05-23 00:00:00,18.4,13.4,26.5,4,,,8.9,27.8,1012.3,
2023-05-24 00:00:00,17.3,14.5,20.3,0,,,17.6,31.5,1016.3,
2023-05-25 00:00:00,17.3,11.8,22.2,0,,,11.6,29.6,1020,
2023-05-26 00:00:00,18.3,12.5,23.4,0,,,15.2,35.2,1020.5,
2023-05-27 00:00:00,18.2,13.8,22.1,0,,,12.8,31.5,1021,
2023-05-28 00:00:00,18.2,12.2,23.4,0,,,7.1,20.4,1017.6,
2023-05-29 00:00:00,18.9,11.3,24.2,0,,,6.2,22.2,1016.4,
2023-05-30 00:00:00,19.5,14,23.9,0,,,13.5,33.3,1017.5,
2023-05-31 00:00:00,19.9,14,25.1,0,,,8.9,22.2,1019.5,
2023-06-01 00:00:00,19.8,11.7,26.5,0,,,5.7,16.7,1016,
2023-06-02 00:00:00,20.2,13.1,26.6,0,,,10.2,33.3,1012.9,
2023-06-03 00:00:00,17.2,12.5,21.8,0,,,10.3,22.2,1018.3,
2023-06-04 00:00:00,14.9,11.9,18,8,,,12.6,24.1,1019.9,
2023-06-05 00:00:00,16.9,14,21.6,10.7,,,10.6,22.2,1019.1,
2023-06-06 00:00:00,17.9,15.4,21.8,14,,,8.7,24.1,1016.3,
2023-06-07 00:00:00,18.3,16.3,20.2,4.8,,,5.9,16.7,1016.1,
2023-06-08 00:00:00,18.2,14.1,23.6,8.8,,,7,18.5,1014.5,
2023-06-09 00:00:00,18.6,15.5,22.1,9.7,,,5.6,20.4,1012.6,
2023-06-10 00:00:00,18.7,14.9,23.7,5.3,,,7.3,24.1,1012.4,
2023-06-11 00:00:00,19.4,17.2,22.8,3.1,,,7.9,25.9,1014.1,
2023-06-12 00:00:00,18.1,12.6,22.5,0,,,10.3,27.8,1015.6,
2023-06-13 00:00:00,17,9.9,22.4,0,,,8.4,22.2,1014,
2023-06-14 00:00:00,17,10.9,22.1,0.5,,,7.2,18.5,1014.5,
2023-06-15 00:00:00,18.4,10.8,24,0,,,6.4,24.1,1015.8,
2023-06-16 00:00:00,20.2,15,24.9,0,,,15.2,35.2,1013.6,
2023-06-17 00:00:00,19.3,14.9,24.8,0,,,17.1,35.2,1013.7,
2023-06-18 00:00:00,21.2,12.9,28,0,,,7,22.2,1014.8,
2023-06-19 00:00:00,22.2,14.9,28.7,0,,,8.1,18.5,1015.1,
2023-06-20 00:00:00,23.8,16.1,30.4,0,,,9.4,25.9,1015.4,
2023-06-21 00:00:00,24.5,19.2,31.5,0.4,,,7.8,20.4,1016,
2023-06-22 00:00:00,24.8,18.1,30.9,0,,,7,25.9,1017.3,
2023-06-23 00:00:00,24,19,29.1,0.3,,,18.8,42.6,1015.1,
2023-06-24 00:00:00,19,17.4,20.8,0.4,,,18.8,38.9,1020.3,
2023-06-25 00:00:00,22.2,17.6,26.9,0,,,15,33.3,1018,
2023-06-26 00:00:00,23.4,15.9,28.6,0,,,8.8,29.6,1015,
2023-06-27 00:00:00,20.5,18.2,23.2,0.2,,,14.6,35.2,1014.6,
2023-06-28 00:00:00,18.2,15.6,22.2,0,,,13.8,35.2,1016.3,
2023-06-29 00:00:00,20.1,12.9,26,0,,,7,24.1,1016,
2023-06-30 00:00:00,21.6,13.4,28.4,0,,,10.4,27.8,1010.9,
2023-07-01 00:00:00,22.2,19.2,25.6,3.6,,,11.8,27.8,1007.4,
2023-07-02 00:00:00,22.5,19.2,26.4,0.3,,,21,44.5,1008.7,
2023-07-03 00:00:00,22.2,15,26.9,0.2,,,11.2,29.6,1013,
2023-07-04 00:00:00,23.4,18.3,28.6,0,,,8.9,24.1,1014.4,
2023-07-05 00:00:00,22,15.2,28.9,0.4,,,11.8,29.6,1014,
2023-07-06 00:00:00,22.2,18.1,26.3,0,,,13.6,31.5,1017,
2023-07-07 00:00:00,22.7,15.3,28.5,0,,,12.5,31.5,1020.4,
2023-07-08 00:00:00,22.6,14.6,29,0,,,7.5,20.4,1020.8,
2023-07-09 00:00:00,24.7,15.9,32.2,0,,,6,22.2,1020.2,
2023-07-10 00:00:00,24.7,17.3,35.3,0,,,7,29.6,1018.2,
2023-07-11 00:00:00,25.5,19.2,31.2,0,,,6.9,24.1,1016.5,
2023-07-12 00:00:00,25.9,18.7,33,0,,,9.8,22.2,1012.4,
2023-07-13 00:00:00,23.8,19.9,28.9,6.9,,,15.9,37,1014,
2023-07-14 00:00:00,24,18.4,29,0,,,9.6,20.4,1017.1,
2023-07-15 00:00:00,24.6,15.5,32.3,0,,,12.8,37,1014.6,
2023-07-16 00:00:00,27.2,20.1,33.4,0,,,7.4,25.9,1013.5,
2023-07-17 00:00:00,27,21.1,31,0.9,,,10.3,29.6,1015.7,
2023-07-18 00:00:00,26.2,22.1,30.9,0.5,,,10.8,27.8,1017.5,
2023-07-19 00:00:00,25.6,18.7,31.4,0.1,,,11.1,38.9,1010.6,
2023-07-20 00:00:00,24.3,21.1,28.2,0.1,,,14.7,38.9,1011,
2023-07-21 00:00:00,20.5,16.5,24.7,1.5,,,8.3,27.8,1011.7,
2023-07-22 00:00:00,22.3,17.4,27.2,0.1,,,15.8,37,1014.5,
2023-07-23 00:00:00,22.9,13.5,30.5,0,,,10.9,31.5,1014.9,
2023-07-24 00:00:00,25.8,17,32.6,1.1,,,15.9,37,1007.8,
2023-07-25 00:00:00,21.7,18.7,25.7,9.7,,,11.6,33.3,1004.2,
2023-07-26 00:00:00,18.2,15,20.6,0.1,,,20,40.8,1008.5,
2023-07-27 00:00:00,18.9,13.1,24.4,0,,,17.5,35.2,1014,
2023-07-28 00:00:00,22.6,17,28.9,0,,,13.4,35.2,1010.2,
2023-07-29 00:00:00,23.8,20.4,29.5,0.4,,,11.4,33.3,1011.1,
2023-07-30 00:00:00,21.9,19.6,23.7,9,,,8.8,31.5,1012.1,
2023-07-31 00:00:00,21.6,16.7,26.6,0,,,13.4,35.2,1013.7,
2023-08-01 00:00:00,18,16.4,20.9,20.9,,,7.4,18.5,1007.5,
2023-08-02 00:00:00,21,15.7,25.7,0,,,15.9,33.3,1006.6,
2023-08-03 00:00:00,19.7,16.9,22.4,0,,,8.3,22.2,1007.3,
2023-08-04 00:00:00,18,15.9,21.1,2.5,,,6.8,22.2,1012.1,
2023-08-05 00:00:00,18.7,17,21,14,,,16,37,1006.2,
2023-08-06 00:00:00,16.6,15.5,18,4.2,,,20,40.8,1003.2,
2023-08-07 00:00:00,15.2,13.4,17,4.5,,,26.7,46.3,1011.2,
2023-08-08 00:00:00,17.8,13.2,22.4,0,,,15.6,35.2,1017.2,
2023-08-09 00:00:00,16.4,12.7,19.7,1.7,,,7.4,22.2,1017.5,
2023-08-10 00:00:00,18.2,12.8,23,0,,,10.5,25.9,1020.8,
2023-08-11 00:00:00,20.1,12.1,26.1,0,,,5.6,20.4,1022.8,
2023-08-12 00:00:00,20.6,13.2,27.6,0,,,8.5,24.1,1021.5,
2023-08-13 00:00:00,22,15.6,29.1,0,,,8.9,22.2,1019.6,
2023-08-14 00:00:00,23.1,15.9,30.3,0,,,11.4,31.5,1019.7,
2023-08-15 00:00:00,24.1,16.1,30.7,0,,,11.4,29.6,1018.6,
2023-08-16 00:00:00,23,18.7,30.1,1.6,,,6.7,18.5,1018.3,
2023-08-17 00:00:00,22.5,18.7,28.2,3.5,,,7,20.4,1018.1,
2023-08-18 00:00:00,23.6,18.5,28.9,1.3,,,6.3,16.7,1017.3,
2023-08-19 00:00:00,24.5,18.6,30.7,0,,,5.3,14.8,1018.2,
2023-08-20 00:00:00,26.2,19.4,33,0,,,5.3,22.2,1019.8,
2023-08-21 00:00:00,27,18.6,34.1,0,,,4.6,14.8,1020.2,
2023-08-22 00:00:00,27.1,20.3,34.5,0,,,5.9,18.5,1017.7,
2023-08-23 00:00:00,26.8,22.4,30.7,1.5,,,10.7,29.6,1016.1,
2023-08-24 00:00:00,25.5,19.3,31.1,0,,,5.1,16.7,1016.7,
2023-08-25 00:00:00,25.8,20.2,32.5,1.7,,,9.4,25.9,1013.1,
2023-08-26 00:00:00,26.1,20.7,30.6,2.1,,,10.8,22.2,1011,
2023-08-27 00:00:00,24.4,18.9,31.2,0,,,16.2,33.3,1008.4,
2023-08-28 00:00:00,23.1,18.8,29.9,8.1,,,12.4,33.3,1005.5,
2023-08-29 00:00:00,17.6,15.4,19.1,8.8,,,18.4,33.3,1004.1,
2023-08-30 00:00:00,17,15.1,19.4,0,,,19.7,33.3,1006.8,
2023-08-31 00:00:00,19,14.9,23.4,0,,,13.9,35.2,1012.6,
2023-09-01 00:00:00,19.3,14.3,24.3,0.2,,,7,20.4,1017.8,
2023-09-02 00:00:00,20.8,15.4,27.5,0.1,,,5.6,14.8,1019.7,
2023-09-03 00:00:00,19.7,17.5,23.4,3.6,,,10.4,31.5,1023,
2023-09-04 00:00:00,18.9,16.4,22.4,0,,,16.2,35.2,1025.9,
2023-09-05 00:00:00,19.1,13.1,25.4,0,,,6.3,18.5,1025.1,
2023-09-06 00:00:00,19.5,12.9,26.2,0,,,5.9,18.5,1023.7,
2023-09-07 00:00:00,20.3,13.8,27.1,0,,,6.6,20.4,1023.5,
2023-09-08 00:00:00,20.2,13.3,27.3,0,,,6.8,20.4,1022.1,
2023-09-09 00:00:00,20.7,13.6,28,0,,,7.1,20.4,1020.2,
2023-09-10 00:00:00,21.1,13.5,29.2,0,,,7.7,22.2,1019,
2023-09-11 00:00:00,21.6,14.5,29.4,0,,,7.7,20.4,1015.7,
2023-09-12 00:00:00,22.3,15.8,29.5,0,,,7.6,20.4,1013.6,
2023-09-13 00:00:00,22.4,15.9,29.6,1.4,,,8.1,31.5,1013.4,
2023-09-14 00:00:00,19.8,17,24,7.6,,,15,35.2,1017.7,
2023-09-15 00:00:00,18.7,13.8,23.6,0,,,5.3,16.7,1020.5,
2023-09-16 00:00:00,18.9,13.9,25.1,0,,,12,27.8,1019.4,
2023-09-17 00:00:00,20.2,14.5,27,0,,,10.6,25.9,1018.2,
2023-09-18 00:00:00,21.3,15.2,27.1,0.7,,,14.7,40.8,1013.8,
2023-09-19 00:00:00,19.9,17,22.8,3.7,,,14.1,33.3,1013.3,
2023-09-20 00:00:00,19.2,12.6,25.8,0,,,9.3,29.6,1016.1,
2023-09-21 00:00:00,20.5,14.4,27.4,0.4,,,17.6,42.6,1008.7,
2023-09-22 00:00:00,21.3,14.7,27.9,0,,,13.1,33.3,1005.4,
2023-09-23 00:00:00,16.9,15.1,18.5,5.2,,,13.5,27.8,1013.6,
2023-09-24 00:00:00,15.2,13.9,16.5,8.1,,,24.4,40.8,1021.8,
2023-09-25 00:00:00,17.8,14.1,23.1,0,,,5.8,24.1,1024.4,
2023-09-26 00:00:00,19.6,13.5,26.2,0,,,6.8,22.2,1023.7,
2023-09-27 00:00:00,19.4,13.1,26.7,0,,,7.5,20.4,1023,609
2023-09-28 00:00:00,18.5,12.5,26,0,,,8.6,25.9,1021.4,623
2023-09-29 00:00:00,18,11.8,26.3,0,,,8.2,25.9,1021.8,630
2023-09-30 00:00:00,17.4,11.8,22.8,0,,,10.4,35.2,1022.6,237
2023-10-01 00:00:00,16.2,11.5,21.8,0,,,8.2,24.1,1025.6,390
2023-10-02 00:00:00,16.9,10.2,24.9,0,,,5.9,18.5,1024.8,493
2023-10-03 00:00:00,17.8,11.7,25.6,0,,,11.3,31.5,1020.3,550
2023-10-04 00:00:00,17.2,10.6,21.5,0,,,16.4,38.9,1026.1,503
2023-10-05 00:00:00,13.9,6.1,21.1,0,,,6.6,22.2,1025.8,427
2023-10-06 00:00:00,15.1,9.6,20.6,0,,,6,20.4,1026.5,523
2023-10-07 00:00:00,16.8,7.6,24,0,,,13.4,42.6,1021.6,446
2023-10-08 00:00:00,16,8.4,20.6,0.1,,,16.7,42.6,1021.3,77
2023-10-09 00:00:00,12.4,8.5,15.6,5.5,,,7.4,25.9,1022.2,153
2023-10-10 00:00:00,15.4,11.7,19.6,0.4,,,7.5,25.9,1021.2,159
2023-10-11 00:00:00,14.8,11.9,21,0,,,7.7,24.1,1021.6,312
2023-10-12 00:00:00,15.9,9.7,23.2,0,,,8.2,18.5,1018.3,422
2023-10-13 00:00:00,19.2,14.2,25.5,0,,,6.1,18.5,1017.3,329
2023-10-14 00:00:00,17.2,11.7,24,1.7,,,9.8,29.6,1011.6,389
2023-10-15 00:00:00,12.3,8,17.4,2.5,,,15.8,37,1016.4,167
2023-10-16 00:00:00,8,4.6,12.8,0,,,8.4,27.8,1022.8,468
2023-10-17 00:00:00,7,2,12.2,0,,,7.5,24.1,1022.1,308
2023-10-18 00:00:00,7,1.3,14.5,0,,,12.5,33.3,1017.2,436
2023-10-19 00:00:00,11.5,8.1,14.6,0,,,18,31.5,1003.2,134
2023-10-20 00:00:00,18.4,11.8,24.6,0.2,,,20.4,46.3,991.9,108
2023-10-21 00:00:00,20.1,16.8,23.4,0,,,16,33.3,999.5,269
2023-10-22 00:00:00,15.3,10.7,18.4,6.2,,,13.1,35.2,1009.5,184
2023-10-23 00:00:00,11.8,7.3,17.5,0,,,7.7,20.4,1016.2,224
2023-10-24 00:00:00,13.3,10.3,16,5.5,,,11,25.9,1008.5,116
2023-10-25 00:00:00,14.7,12.9,17.8,8.3,,,10.8,42.6,1002.8,145
2023-10-26 00:00:00,13.8,11.7,17,0.9,,,8.6,29.6,999.6,136
2023-10-27 00:00:00,12.7,10.5,14,27.8,,,11.7,42.6,994.8,0
2023-10-28 00:00:00,11.5,7.5,16.1,0,,,10.2,27.8,1006.2,210
2023-10-29 00:00:00,12.4,7.5,18,0,,,10,31.5,1009.1,213
2023-10-30 00:00:00,14.8,10.6,20.4,0.3,,,11.5,27.8,1008.3,164
2023-10-31 00:00:00,12.7,10.7,14.9,7.3,,,13.6,42.6,1004.9,10
2023-11-01 00:00:00,12,8.8,16.3,0,,,11,25.9,1012,405
2023-11-02 00:00:00,13.3,8.6,18,1.1,,,20.8,48.2,1000.1,227
2023-11-03 00:00:00,10.4,6.9,14.2,22,,,14.4,42.6,990.1,1
2023-11-04 00:00:00,7.2,2.1,11.3,0,,,9.5,25.9,997.3,273
2023-11-05 00:00:00,10.1,8.1,13.5,16,,,9,31.5,991.6,52
2023-11-06 00:00:00,12.2,6.6,17.3,0,,,14.6,37,1008.9,400
2023-11-07 00:00:00,9.5,4.8,14.2,1.9,,,6.4,16.7,1016.1,238
2023-11-08 00:00:00,9.6,2.8,13.2,0,,,11.6,38.9,1018.6,320
2023-11-09 00:00:00,6.5,0.6,12.8,0,,,12.5,33.3,1014.8,227
2023-11-10 00:00:00,7.5,5.8,8.9,5.5,,,9,25.9,1007.1,0
2023-11-11 00:00:00,7.8,6.4,9.9,0,,,11.8,42.6,1004.5,35
2023-11-12 00:00:00,5.9,2,10.8,0,,,10,35.2,1010.8,371
2023-11-13 00:00:00,4.3,0.9,6.5,3.5,,,5.2,18.5,1013.8,14
2023-11-14 00:00:00,10.8,6,14.7,5.2,,,13.1,42.6,1009.7,86
2023-11-15 00:00:00,11.3,8.5,13.8,3,,,18,48.2,1011.8,129
2023-11-16 00:00:00,9.7,6.5,13.5,3.8,,,10.6,33.3,1016.1,235
2023-11-17 00:00:00,6.8,5.3,7.9,7.9,,,20.1,44.5,1011.8,9
2023-11-18 00:00:00,5.3,-0.1,7.7,0,,,19.7,48.2,1023.1,196
2023-11-19 00:00:00,2.7,0.8,4.2,2.9,,,6.3,20.4,1018.3,0
2023-11-20 00:00:00,7.8,1.2,13.4,0.1,,,9.2,31.5,1012.6,42
2023-11-21 00:00:00,8.1,4.2,11.9,0,,,9,22.2,1012.6,152
2023-11-22 00:00:00,3.5,-0.2,7.4,0.1,,,15.1,40.8,1022.7,193
2023-11-23 00:00:00,3.1,-1.3,8.3,0,,,14.4,33.3,1022.2,206
2023-11-24 00:00:00,5.9,0.4,9.8,3.4,,,19.6,46.3,1003.3,33
2023-11-25 00:00:00,2.5,0.9,3.9,1.1,,,15.9,44.5,1002.8,174
2023-11-26 00:00:00,1.4,-0.4,2.2,0,,,18,44.5,1011.3,142
2023-11-27 00:00:00,2.5,0.7,6,0.9,,,11.2,24.1,1008.9,6
2023-11-28 00:00:00,2.8,1.1,4.8,2.5,,,10.4,35.2,995.8,0
2023-11-29 00:00:00,-0.2,-2.1,2.2,0,,,13.1,37,1009.4,237
2023-11-30 00:00:00,-0.9,-3.6,0.7,1,,,12.4,27.8,1006.5,2
2023-12-01 00:00:00,1.4,0.8,1.9,9.8,,,5.9,18.5,1003.1,0
2023-12-02 00:00:00,0.8,-1,2.4,4.6,,,15.7,46.3,1002.6,0
2023-12-03 00:00:00,-2.1,-5.2,-0.8,0,,,16.3,44.5,1023,250
2023-12-04 00:00:00,-2.9,-7.9,1.2,0,,,14.5,37,1023.4,199
2023-12-05 00:00:00,-0.7,-1.8,0.4,0,,,15.4,35.2,1015.8,37
2023-12-06 00:00:00,0.4,-0.7,1.8,5.1,,,5.9,20.4,1015.7,0
2023-12-07 00:00:00,2.8,0.7,3.7,0,,,15.8,38.9,1019.6,1
2023-12-08 00:00:00,-0.8,-3.6,2,0,,,9.9,29.6,1020,78
2023-12-09 00:00:00,0,-0.6,0.8,1.4,,,10,33.3,1019.3,0
2023-12-10 00:00:00,-0.1,-0.9,0.6,6.2,,,8.9,33.3,1014,11
2023-12-11 00:00:00,0.5,-0.5,1.7,1.1,,,8.5,22.2,1011.3,67
2023-12-12 00:00:00,3.8,-2.3,10.7,0,,,8.1,24.1,1011.3,207
2023-12-13 00:00:00,4.2,3.4,4.9,6.5,,,7.2,24.1,1003.4,0
2023-12-14 00:00:00,6.1,3.2,7.7,0,,,11,24.1,1011,50
2023-12-15 00:00:00,4.3,-0.7,6.9,0,,,14.6,35.2,1030.5,74
2023-12-16 00:00:00,5,3.3,7.5,0.1,,,9.9,27.8,1039.8,124
2023-12-17 00:00:00,3.5,0.2,9.1,0,,,8.8,20.4,1038.9,243
2023-12-18 00:00:00,-1,-2.5,1,0,,,3.2,14.8,1034.6,363
2023-12-19 00:00:00,-1.4,-3.4,0,0,,,1.9,16.7,1026.3,208
2023-12-20 00:00:00,2.5,-1.8,7,0.8,,,9.3,31.5,1015.3,26
2023-12-21 00:00:00,5.2,3.4,6.9,4.7,,,16.7,37,1004.3,6
2023-12-22 00:00:00,5.4,0.2,7.7,10.9,,,21.9,50,996.5,89
2023-12-23 00:00:00,1,0.1,2.8,26.4,,,10.9,44.5,1003.5,13
2023-12-24 00:00:00,7.6,1.1,11.3,5.2,,,17.2,44.5,1009,0
2023-12-25 00:00:00,13.7,12.5,14.7,0,,,25.8,42.6,1010.3,1
2023-12-26 00:00:00,9.6,4.7,13.3,0,,,14.4,40.8,1015.5,191
2023-12-27 00:00:00,7.6,3.6,10.5,0,,,8.3,25.9,1024.3,233
2023-12-28 00:00:00,3.4,0.3,7.8,0,,,8,22.2,1022.6,136
2023-12-29 00:00:00,1.8,0,3.8,0.1,,,4.4,16.7,1019.8,54
2023-12-30 00:00:00,5.2,-0.5,13.1,0,,,8.8,29.6,1018.5,210
2023-12-31 00:00:00,3.4,-0.2,7.4,0,,,7.6,25.9,1013.3,60
2024-01-01 00:00:00,5.5,3,9.2,7.8,,,13.7,35.2,1011.8,153
2024-01-02 00:00:00,3.6,0.8,6.3,1.1,,,6.5,20.4,1010.4,41
2024-01-03 00:00:00,8.6,3.9,13.7,1.6,,,15.2,33.3,1002.1,217
2024-01-04 00:00:00,9.8,5.8,11.8,0.8,,,23.2,50,1003.5,102
2024-01-05 00:00:00,6,2.9,9.2,0,,,10.2,27.8,1008.9,110
2024-01-06 00:00:00,5.5,3.2,6.4,19.1,,,10.6,24.1,1005.5,0
2024-01-07 00:00:00,0.2,-3.4,4.7,3.7,,,23.8,51.8,1008.4,0
2024-01-08 00:00:00,-4.7,-6.8,-3.4,0,,,25.6,48.2,1020.7,1
2024-01-09 00:00:00,-5.7,-8.5,-0.9,0,,,9,29.6,1032.1,370
2024-01-10 00:00:00,-5,-8.3,-0.2,0,,,6.9,20.4,1034.3,379
2024-01-11 00:00:00,-3.5,-8.2,1,0,,,9.5,27.8,1028.2,306
2024-01-12 00:00:00,-0.1,-1.5,1.7,0,,,14.8,31.5,1027.4,106
2024-01-13 00:00:00,-1.1,-3.7,0.5,0,,,12.1,33.3,1021.8,160
2024-01-14 00:00:00,0.3,-2,3.9,0,,,14.7,33.3,1011.1,120
2024-01-15 00:00:00,0.8,-4.3,4.3,0,,,20.7,42.6,1002.6,296
2024-01-16 00:00:00,1,-3.3,4.1,0,,,18.8,42.6,1010.4,270
2024-01-17 00:00:00,-1.6,-6.4,1.4,0,,,14.6,31.5,1004.1,18
2024-01-18 00:00:00,3.7,1.7,5,6.7,,,8.1,37,995,0
2024-01-19 00:00:00,0.7,-0.4,2.2,0,,,21.3,38.9,1015.8,61
2024-01-20 00:00:00,0.2,-1.5,3,0,,,13.2,27.8,1030.8,454
2024-01-21 00:00:00,-1.7,-6.2,2.3,0,,,9,22.2,1034.7,444
2024-01-22 00:00:00,-1.7,-5.4,1.9,0,,,15,33.3,1029.6,260
2024-01-23 00:00:00,2.3,-2.1,8.2,2.4,,,11,33.3,1027.4,189
2024-01-24 00:00:00,4.7,1,11.5,2,,,10.6,46.3,1023.4,0
2024-01-25 00:00:00,9.3,7.4,10.7,0,,,28.5,55.5,1022.4,233
2024-01-26 00:00:00,5.5,2.6,8,2.4,,,14.4,35.2,1025.2,150
2024-01-27 00:00:00,5.9,3.7,7.3,0,,,27.9,51.8,1030.2,309
2024-01-28 00:00:00,3.6,-0.6,7.9,0,,,9.5,31.5,1038,385
2024-01-29 00:00:00,0.6,-2.8,6.7,0,,,9.2,25.9,1039.1,320
2024-01-30 00:00:00,0.7,-2.7,6,0,,,11.7,31.5,1038.5,306
2024-01-31 00:00:00,0.3,-2.6,2.9,0,,,7,20.4,1035.6,16
2024-02-01 00:00:00,3.9,0.3,7.6,2.4,,,7.6,29.6,1027.7,19
2024-02-02 00:00:00,6.1,3,8.7,0,,,12.9,29.6,1028.5,149
2024-02-03 00:00:00,9.6,4.4,11.8,0,,,18.4,42.6,1023.2,35
2024-02-04 00:00:00,10,7.9,12.1,0.3,,,24.5,48.2,1019.9,132
2024-02-05 00:00:00,12.1,10.5,13.9,0,,,25.1,57.4,1015.9,100
2024-02-06 00:00:00,11.5,5.4,15.2,0,,,17.6,42.6,1014.8,313
2024-02-07 00:00:00,10.8,4,14.2,0,,,17.2,38.9,1008.6,281
2024-02-08 00:00:00,10.8,8.9,12.9,0.4,,,14.2,37,1003.8,54
2024-02-09 00:00:00,9.1,5.1,12.4,0,,,10.4,29.6,997.8,74
2024-02-10 00:00:00,13.2,9.9,17.7,1.5,,,20.4,35.2,994,300
2024-02-11 00:00:00,9.3,7.8,10.7,13.3,,,12.8,31.5,994.2,24
2024-02-12 00:00:00,9.4,4.9,11.9,0,,,12.5,33.3,1003.6,161
2024-02-13 00:00:00,7.7,4.2,10.5,0.1,,,19.3,42.6,1017,224
2024-02-14 00:00:00,5.2,-1,10.9,0,,,5,20.4,1024.2,310
2024-02-15 00:00:00,6.5,4.4,9.7,1.6,,,8.5,20.4,1023.9,54
2024-02-16 00:00:00,7.2,3,13.6,0,,,13.4,37,1022.9,390
2024-02-17 00:00:00,6.2,1.5,10.2,0.4,,,7.6,22.2,1028,80
2024-02-18 00:00:00,8.1,2.6,12.3,0,,,9.1,22.2,1031.9,326
2024-02-19 00:00:00,6.8,1.6,12,2.6,,,10.7,31.5,1024.4,42
2024-02-20 00:00:00,8.9,6.6,12.8,0.9,,,13,31.5,1025,146
2024-02-21 00:00:00,8.4,3.5,12.2,0.5,,,8,25.9,1022.7,101
2024-02-22 00:00:00,7.6,3.2,12.7,1.1,,,15.3,31.5,1007.2,94
2024-02-23 00:00:00,9.3,7.7,10.3,14.1,,,13.7,35.2,1000.8,10
2024-02-24 00:00:00,7.3,4.8,10.6,1.4,,,8.8,29.6,1007.1,117
2024-02-25 00:00:00,6.8,1.3,13.2,0,,,11.9,29.6,1009.8,343
2024-02-26 00:00:00,7.9,1.4,14.8,0,,,14.1,40.8,1006.6,356
2024-02-27 00:00:00,9.4,4.5,14.1,0.8,,,9.8,25.9,1012.7,183
2024-02-28 00:00:00,10,7.8,14,0,,,12.5,25.9,1018.5,226
2024-02-29 00:00:00,10.1,4.7,15.2,0,,,7.6,25.9,1018.3,268
2024-03-01 00:00:00,9.8,7,12,1.4,,,10.6,31.5,1010.2,47
2024-03-02 00:00:00,8.5,6.4,10.1,1.9,,,11.6,27.8,1010.4,75
2024-03-03 00:00:00,11,5.8,17.4,0.2,,,18.2,40.8,1007,336
2024-03-04 00:00:00,10.4,3.4,17.7,0,,,9.1,24.1,1007.6,519
2024-03-05 00:00:00,10,7.6,13.1,0,,,14.7,31.5,1012.7,293
2024-03-06 00:00:00,8,5,12.8,0,,,13.8,38.9,1017.4,415
2024-03-07 00:00:00,6.1,4.5,7.9,2,,,12.7,29.6,1019.5,84
2024-03-08 00:00:00,5.1,3.7,6.9,1.8,,,9.4,24.1,1020.2,64
2024-03-09 00:00:00,6.7,3.3,10,0,,,20.2,42.6,1014.5,149
2024-03-10 00:00:00,11,7.9,15.1,1.5,,,23.1,44.5,1006.4,161
2024-03-11 00:00:00,10.5,8.2,12.2,8.4,,,12.3,31.5,1005.3,4
2024-03-12 00:00:00,8.6,8.1,9.9,12,,,23.5,46.3,1010.2,0
2024-03-13 00:00:00,10.1,8.2,13.5,0.9,,,18.6,42.6,1016.4,167
2024-03-14 00:00:00,10.3,6,13.9,0,,,7.7,20.4,1017.3,364
2024-03-15 00:00:00,9.5,3.5,15,0.8,,,6.3,20.4,1016.2,244
2024-03-16 00:00:00,12,7.4,17.9,3.4,,,12.4,33.3,1017.1,113
2024-03-17 00:00:00,9.2,5.8,12.2,0,,,18.2,37,1022.2,444
2024-03-18 00:00:00,6.4,1,11.5,0,,,9.1,25.9,1018.3,424
2024-03-19 00:00:00,4.7,0.8,9.1,0,,,10.3,25.9,1022.2,556
2024-03-20 00:00:00,5.7,-1.3,12.8,0,,,5,16.7,1023.5,525
2024-03-21 00:00:00,9.8,2.1,16.4,0,,,7,24.1,1020.6,264
2024-03-22 00:00:00,13.3,10.3,17,0,,,12.5,31.5,1018.6,140
2024-03-23 00:00:00,10.8,7.8,18.6,3.2,,,14.5,48.2,1009,269
2024-03-24 00:00:00,7.9,5.4,11.4,1.3,,,19.5,40.8,1007.9,353
2024-03-25 00:00:00,7.8,2.1,12.4,0.2,,,17,42.6,1007.9,329
2024-03-26 00:00:00,9.4,0.8,17,0,,,23.7,48.2,1004.4,561
2024-03-27 00:00:00,12.3,6.6,16.4,0,,,22.3,46.3,996.7,314
2024-03-28 00:00:00,12.6,7,18,0.8,,,22.5,48.2,996,299
2024-03-29 00:00:00,12.1,3,20,0,,,18.1,46.3,1007.7,461
2024-03-30 00:00:00,15.9,10,23,0,,,14.5,40.8,1006.5,475
2024-03-31 00:00:00,17.8,12,21.1,0.1,,,23.9,46.3,1003.8,407
2024-04-01 00:00:00,18.3,9.7,25,5.4,,,29.2,50,1000.5,375
2024-04-02 00:00:00,11.7,6.7,16,7.5,,,21.6,51.8,1007.8,284
2024-04-03 00:00:00,12.3,4.7,17,0,,,12.3,27.8,1012.4,441
2024-04-04 00:00:00,14.6,8.3,19.7,0.6,,,14.2,35.2,1014.9,255
2024-04-05 00:00:00,15.7,9.9,21.5,0,,,11,27.8,1018.5,336
2024-04-06 00:00:00,18,12.6,25.3,0,,,7.2,16.7,1018.4,276
2024-04-07 00:00:00,18,11.1,25.8,0,,,10.4,27.8,1019.7,625
2024-04-08 00:00:00,18.3,11.8,26.2,0,,,13.5,38.9,1016.9,584
2024-04-09 00:00:00,18.5,12,24.8,0,,,15.2,37,1011.6,603
2024-04-10 00:00:00,11.9,8.7,17.8,0,,,30.6,64.8,1022.4,43
2024-04-11 00:00:00,14.9,10.5,19.7,0,,,15,35.2,1030.6,437
2024-04-12 00:00:00,16.6,10.8,21.9,0,,,10,29.6,1030.5,604
2024-04-13 00:00:00,18.8,12.6,24.6,0,,,13.2,31.5,1026.4,558
2024-04-14 00:00:00,18.7,10.1,27.7,0,,,9.7,37,1019.5,589
2024-04-15 00:00:00,16.6,12.5,22.3,8.3,,,9.8,33.3,1009.6,152
2024-04-16 00:00:00,8.9,5.8,13.5,7.4,,,11.8,33.3,1006.7,29
2024-04-17 00:00:00,8.5,5.4,13.1,0,,,17,40.8,1005.1,349
2024-04-18 00:00:00,8.1,4.4,12.2,0.1,,,17.6,38.9,1010.9,388
2024-04-19 00:00:00,7.4,3.1,11.5,1.2,,,15.3,35.2,1013.6,322
2024-04-20 00:00:00,7.9,5.6,10.7,7.2,,,19.4,42.6,1011.1,205
2024-04-21 00:00:00,6.1,3.9,8.7,0,,,24.3,42.6,1016.8,262
2024-04-22 00:00:00,6.7,4,11,0,,,15.9,33.3,1019.2,278
2024-04-23 00:00:00,7.9,3.9,11.5,3,,,13.2,27.8,1015.3,49
2024-04-24 00:00:00,7,5.6,8.4,9.9,,,14.8,38.9,1006.9,0
2024-04-25 00:00:00,8.3,4.2,13,0,,,12.2,29.6,1009.3,422
2024-04-26 00:00:00,8.7,1.4,15.1,0.3,,,11,31.5,1012,474
2024-04-27 00:00:00,12.3,4.4,19.6,0,,,15.9,37,1014.8,615
2024-04-28 00:00:00,16.2,8.8,23,0,,,17.8,44.5,1017.4,600
2024-04-29 00:00:00,17.8,9.8,25.2,0,,,11.6,33.3,1022,623
2024-04-30 00:00:00,18.1,11.9,24.2,0,,,14,38.9,1022.5,666
2024-05-01 00:00:00,16.4,11,21.1,0,,,15.2,42.6,1015.7,469
2024-05-02 00:00:00,16.6,12.7,21.4,3.6,,,15.2,40.8,1008.8,309
2024-05-03 00:00:00,14.5,12.8,18.7,3.1,,,10.9,25.9,1010,70
2024-05-04 00:00:00,17.5,11.8,24.8,1.1,,,15.7,38.9,1013.3,465
2024-05-05 00:00:00,18.1,10.7,24.4,0.2,,,10.4,29.6,1011.9,576
2024-05-06 00:00:00,18.4,10.8,24.1,0.2,,,9.5,29.6,1008.4,512
2024-05-07 00:00:00,15.9,14.2,18,3.5,,,17.9,35.2,1011.8,132
2024-05-08 00:00:00,14.9,12.6,18.4,1.8,,,13.5,31.5,1018.7,49
2024-05-09 00:00:00,16.1,10.5,21.2,0,,,12.4,35.2,1021.8,535
2024-05-10 00:00:00,16.5,8.3,22.3,0,,,8.3,29.6,1021.3,605
2024-05-11 00:00:00,17.1,9.2,22.9,0,,,6.8,24.1,1019.9,485
2024-05-12 00:00:00,17.8,13.6,22.8,0,,,7.4,22.2,1019.1,500
2024-05-13 00:00:00,16.1,10,21.2,0,,,11.8,31.5,1018.1,491
2024-05-14 00:00:00,16.5,9.3,22.5,0,,,8.6,25.9,1014.6,709
2024-05-15 00:00:00,17.4,11.4,23.6,0.1,,,14.2,33.3,1013.9,608
2024-05-16 00:00:00,16,10.9,20.4,0.1,,,17,44.5,1014.1,235
2024-05-17 00:00:00,13.1,11.4,16.4,20.7,,,18,38.9,1011.1,33
2024-05-18 00:00:00,15.4,11.3,20.7,0,,,8,22.2,1014,433
2024-05-19 00:00:00,18.3,13.6,23.1,0,,,8,20.4,1011.6,527
2024-05-20 00:00:00,19.2,15.1,24.5,0.4,,,8.1,22.2,1011.5,419
2024-05-21 00:00:00,19,15.9,23.5,26,,,18.3,37,1009.4,141
2024-05-22 00:00:00,18.1,14.4,22.1,2,,,13.4,31.5,1010,231
2024-05-23 00:00:00,19.2,16,23,0,,,10.1,27.8,1014.3,439
2024-05-24 00:00:00,17.5,14.1,21.9,6.4,,,10.7,25.9,1017.6,205
2024-05-25 00:00:00,18.5,14.5,23.2,1.9,,,13,27.8,1018.1,347
2024-05-26 00:00:00,19.7,15.3,24.5,2.7,,,10.1,24.1,1018.9,360
2024-05-27 00:00:00,20.2,13.2,26.1,0,,,8,22.2,1018.7,499
2024-05-28 00:00:00,19.1,15.2,24.9,0,,,16.8,44.5,1015.7,521
2024-05-29 00:00:00,18.8,14.6,23.6,0.3,,,16.7,33.3,1014.2,427
2024-05-30 00:00:00,20.1,15.8,25,0,,,9.8,25.9,1006.5,555
2024-05-31 00:00:00,17.8,14.8,20.2,5.6,,,8.2,27.8,1005.9,93
2024-06-01 00:00:00,15.8,13.6,20.1,12.9,,,9.9,29.6,1009.6,260
2024-06-02 00:00:00,18.6,12.8,24,0.8,,,11.6,31.5,1014.1,284
2024-06-03 00:00:00,18.8,15.4,22.7,7,,,6.4,20.4,1013.2,257
2024-06-04 00:00:00,17.1,14,19.5,17.2,,,14.2,33.3,1013,241
2024-06-05 00:00:00,19.5,13,25.3,0,,,5.6,18.5,1014,
2024-06-06 00:00:00,21.4,16.5,26.5,5.5,,,6.2,18.5,1016.2,
2024-06-07 00:00:00,21.7,17.7,27.5,2.3,,,10,33.3,1016.2,
2024-06-08 00:00:00,22.2,15.1,28.5,0,,,8.3,29.6,1013.2,
2024-06-09 00:00:00,22.3,17.6,26.6,25,,,14,29.6,1007.7,
2024-06-10 00:00:00,18.2,17,19.6,14.9,,,9.2,29.6,1005.4,
2024-06-11 00:00:00,19,16.3,22.2,0,,,16.6,35.2,1010.4,
2024-06-12 00:00:00,15.3,13.9,17.4,0.3,,,15,33.3,1016.7,
2024-06-13 00:00:00,16.7,13.8,21,0,,,10.7,29.6,1015.9,
2024-06-14 00:00:00,17.5,10.5,22.3,0,,,7.7,22.2,1015.8,
2024-06-15 00:00:00,19.7,11.4,26.2,0,,,13.8,38.9,1011.1,
2024-06-16 00:00:00,20.2,16.7,23.9,10.8,,,13,31.5,1011.2,
2024-06-17 00:00:00,21.3,14.1,28,0,,,5.7,18.5,1015,
2024-06-18 00:00:00,23.9,17.1,30.4,0,,,9.9,29.6,1016.2,
2024-06-19 00:00:00,25.2,18.5,31.3,2,,,8.9,22.2,1012.8,
2024-06-20 00:00:00,23.5,19.7,26.9,0,,,9.6,22.2,1019,
2024-06-21 00:00:00,25.9,20.7,31.3,0,,,11.9,29.6,1015,
2024-06-22 00:00:00,22.9,18.6,26,0.5,,,14,38.9,1011.8,
2024-06-23 00:00:00,22.8,18.1,26.7,0,,,17.6,37,1014,
2024-06-24 00:00:00,22.5,18.6,25.6,0,,,16.1,33.3,1016.8,
2024-06-25 00:00:00,22.2,14.6,27.9,0,,,7.5,24.1,1016,
2024-06-26 00:00:00,22.2,18.7,28.8,2.3,,,13.1,29.6,1013.1,
2024-06-27 00:00:00,22.5,18.4,27.7,1.1,,,8.3,20.4,1010.7,
2024-06-28 00:00:00,24,18.1,30.5,0,,,9.5,24.1,1014.3,
2024-06-29 00:00:00,26.3,18.8,32.3,0,,,8.8,25.9,1016,
2024-06-30 00:00:00,27.4,22.3,33.6,2,,,19.4,42.6,1008.6,
2024-07-01 00:00:00,22.4,20.4,24.5,0.2,,,16.7,35.2,1010.8,
2024-07-02 00:00:00,20.5,18,23.2,0,,,22.7,44.5,1010.5,
2024-07-03 00:00:00,18.9,16.5,22.1,0,,,11.8,29.6,1009,
2024-07-04 00:00:00,19.4,15.8,24.7,0,,,15.9,37,1010.4,
2024-07-05 00:00:00,22.6,16.5,26.8,0,,,15.3,37,1013.7,
2024-07-06 00:00:00,24.5,16.9,30.8,0,,,19.7,48.2,1010.1,
2024-07-07 00:00:00,24.1,20.9,27.9,0.6,,,13,27.8,1012.6,
2024-07-08 00:00:00,24.5,19.8,29.8,0,,,9.5,24.1,1016,381
2024-07-09 00:00:00,27.2,20.6,33.4,0,,,8.3,20.4,1017.2,649
2024-07-10 00:00:00,28.9,22.4,34.4,0,,,11.8,29.6,1015.3,677
2024-07-11 00:00:00,28.6,22,33.4,0,,,10,22.2,1015,548
2024-07-12 00:00:00,25.2,20.9,33.5,15.5,,,12.2,27.8,1011.5,467
2024-07-13 00:00:00,24.3,20.5,28.5,0,,,10.6,35.2,1010.5,498
2024-07-14 00:00:00,26.3,22,30.9,0,,,8.8,25.9,1011.5,563
2024-07-15 00:00:00,28.1,23.9,32.9,0,,,6.1,18.5,1012.9,678
2024-07-16 00:00:00,27.4,22.4,32.6,0,,,12.7,31.5,1011.6,611
2024-07-17 00:00:00,26.4,23.3,30.8,0,,,19,35.2,1016.9,574
2024-07-18 00:00:00,26,20.2,32.1,0,,,11,29.6,1019.7,691
2024-07-19 00:00:00,26.3,20.2,32.1,0,,,7.3,22.2,1017.5,639
2024-07-20 00:00:00,23.2,21,25.3,0,,,9.4,18.5,1012,167
2024-07-21 00:00:00,25,19.2,31.2,,,,5.9,20.4,1008.6,700
2024-07-22 00:00:00,25.1,18.7,30.1,0,,,16.7,38.9,1011.7,599
2024-07-23 00:00:00,25.2,22.2,29.2,3,,,16.5,37,1015.9,469
2024-07-24 00:00:00,24,21.2,27.8,0,,,17.7,38.9,1014.1,475
2024-07-25 00:00:00,22,18.4,26.3,0,,,11.7,33.3,1014.1,575
2024-07-26 00:00:00,22.4,14.3,29.6,0,,,5.9,18.5,1013.5,678
2024-07-27 00:00:00,25.7,17.6,33.7,0,,,13.9,33.3,1014.8,666
2024-07-28 00:00:00,24.5,19.5,29.5,0,,,14,40.8,1018.1,457
2024-07-29 00:00:00,22.8,17.9,27.4,0,,,14.2,35.2,1022,711
2024-07-30 00:00:00,22.2,15.9,28.6,0,,,7.8,22.2,1019.5,792
2024-07-31 00:00:00,23.4,14.6,31.7,0,,,7.2,22.2,1015.1,744
2024-08-01 00:00:00,23.6,17.8,30.8,0,,,6,18.5,1011,411
2024-08-02 00:00:00,24.9,21.4,29.6,0.2,,,14.1,33.3,1008,305
2024-08-03 00:00:00,21.9,18.1,26.9,0,,,21.8,38.9,1010.3,541
2024-08-04 00:00:00,20.7,15.4,25.6,0,,,8.8,25.9,1012.9,330
2024-08-05 00:00:00,20.7,16.9,24.8,4,,,10.5,31.5,1013.3,172
2024-08-06 00:00:00,21.4,15.3,26.9,0,,,6.7,16.7,1014.4,731
2024-08-07 00:00:00,22.3,14.8,29.4,0,,,7.4,22.2,1013.3,618
2024-08-08 00:00:00,22.5,19.3,29,9.1,,,8.6,31.5,1014,364
2024-08-09 00:00:00,23.2,18.5,28.4,0,,,8.5,29.6,1016.8,611
2024-08-10 00:00:00,25.8,19.6,31,0,,,10.2,27.8,1019.1,583
2024-08-11 00:00:00,27,19.5,33.6,0,,,5.4,24.1,1018.8,728
2024-08-12 00:00:00,27.1,21,34,0,,,10.6,22.2,1014.4,627
2024-08-13 00:00:00,28.7,23.5,35,0,,,8.5,18.5,1011.1,509
2024-08-14 00:00:00,28.5,21.5,34.7,0,,,11.8,27.8,1011.8,667
2024-08-15 00:00:00,27.6,20.8,33.4,0.5,,,8.7,24.1,1014.8,636
2024-08-16 00:00:00,28.2,21.5,33.9,0,,,5.6,20.4,1014.9,610
2024-08-17 00:00:00,26.8,22.8,32.4,16.4,,,8.9,20.4,1011.7,347
2024-08-18 00:00:00,25.1,20,31.3,2.9,,,10.8,31.5,1007.8,513
2024-08-19 00:00:00,23.9,21.3,28.1,0,,,18.6,35.2,1010.6,343
2024-08-20 00:00:00,24,19.9,31.3,2.1,,,11.4,35.2,1012.1,457
2024-08-21 00:00:00,23.1,19.4,27,0,,,16.2,42.6,1012.3,344
2024-08-22 00:00:00,21.2,17.4,24.5,0,,,8.8,25.9,1015.7,512
2024-08-23 00:00:00,22.2,14,30.5,0,,,8.8,25.9,1014.8,714
2024-08-24 00:00:00,25.7,18.4,33.7,0,,,10,27.8,1015.3,735
2024-08-25 00:00:00,26.5,18.8,34.1,0,,,17.1,37,1014.3,599
2024-08-26 00:00:00,24.5,19.9,30,0,,,17.6,37,1017.5,489
2024-08-27 00:00:00,24.3,18.8,30.3,0,,,12.8,35.2,1018.8,415
2024-08-28 00:00:00,26.3,20.1,32.9,0,,,8,16.7,1018.7,595
2024-08-29 00:00:00,26.7,20.7,32.9,0,,,7.7,20.4,1017.3,541
2024-08-30 00:00:00,25.8,20,33.3,0,,,5.8,25.9,1017,540
2024-08-31 00:00:00,26.7,19.5,33.9,0,,,8.8,25.9,1017.4,512
2024-09-01 00:00:00,26.6,20.6,32.7,0,,,8.1,27.8,1016.2,472
2024-09-02 00:00:00,25.6,19.2,33,0,,,9.4,25.9,1013.7,508
2024-09-03 00:00:00,26.2,18.6,33.7,0,,,9.7,22.2,1015.5,486
2024-09-04 00:00:00,26.2,19.2,33.5,0,,,10.1,25.9,1014.6,668
2024-09-05 00:00:00,25.5,20.9,31,0,,,15.3,27.8,1013.5,594
2024-09-06 00:00:00,23,18.5,28.1,0,,,12,25.9,1013.1,345
2024-09-07 00:00:00,23.8,18.3,30.2,0,,,12.8,35.2,1015.5,568
2024-09-08 00:00:00,24.5,18.6,30.9,0,,,12.5,40.8,1012,537
2024-09-09 00:00:00,18.2,15.2,24.1,26.4,,,10.5,25.9,1006.4,1
2024-09-10 00:00:00,19,15.5,24,0,,,19.5,38.9,1009,413
2024-09-11 00:00:00,19.1,14.1,24.4,0,,,12.4,27.8,1009.1,520
2024-09-12 00:00:00,12.6,9.6,16.1,10.5,,,14.4,40.8,1009.9,0
2024-09-13 00:00:00,8.6,7.9,9.1,37.3,,,34.4,53.7,1006.1,0
2024-09-14 00:00:00,9.8,8.7,11.7,9.6,,,34.4,55.5,1007.5,0
2024-09-15 00:00:00,10.7,10.2,11.1,17.9,,,33.8,61.1,1009.7,7
2024-09-16 00:00:00,12.4,10.5,15.1,11.3,,,18.2,44.5,1011.5,5
2024-09-17 00:00:00,14.7,9.1,19,0,,,5.4,16.7,1021,328
2024-09-18 00:00:00,19.3,13.9,25.8,0,,,12.8,22.2,1022.6,518
2024-09-19 00:00:00,18.1,12.3,23.2,0,,,9.8,25.9,1021.4,530
2024-09-20 00:00:00,17.6,13.1,22.6,0,,,11.6,25.9,1023.7,487
2024-09-21 00:00:00,16,9.1,23.5,0,,,7.5,22.2,1024.2,646
2024-09-22 00:00:00,15.8,9.2,23.4,0,,,10,25.9,1019.6,648
2024-09-23 00:00:00,16.3,9.6,24.7,0,,,12.4,31.5,1013.5,471
2024-09-24 00:00:00,15.2,12.4,18.5,1.2,,,8.2,20.4,1010.6,107
2024-09-25 00:00:00,15.8,12.9,20.6,1.3,,,6.4,22.2,1012.9,204
2024-09-26 00:00:00,18.7,13.4,25.4,0,,,16.8,38.9,1005.2,194
2024-09-27 00:00:00,17.2,15.3,20.6,0.6,,,12.5,27.8,1007.6,31
2024-09-28 00:00:00,15.4,13.2,18.7,0.7,,,17.5,35.2,1014,124
2024-09-29 00:00:00,12.1,9.4,14.6,0,,,22.1,40.8,1025.1,337
2024-09-30 00:00:00,9.7,4.1,15.3,0,,,7.2,22.2,1023.2,385
2024-10-01 00:00:00,11,4.8,17.8,0,,,8.5,22.2,1016.9,257
2024-10-02 00:00:00,10.4,8.8,12.4,10,,,11.8,31.5,1010.1,1
2024-10-03 00:00:00,12.1,9.4,14.2,0,,,9.2,22.2,1011.3,70
2024-10-04 00:00:00,11,10.1,12.2,12.8,,,13.6,33.3,1010.5,0
2024-10-05 00:00:00,11.4,10.3,12.7,0,,,11.8,29.6,1013.7,16
2024-10-06 00:00:00,11.6,7.2,15.7,0,,,10.5,27.8,1012.8,99
2024-10-07 00:00:00,10.2,5.2,17.2,0,,,7.7,24.1,1012.9,309
2024-10-08 00:00:00,16,10.1,23.1,0,,,15.8,37,1008.9,242
2024-10-09 00:00:00,16.1,12.8,19.4,4.8,,,10.4,25.9,1003.4,204
2024-10-10 00:00:00,15.8,11.2,20.7,1.9,,,13.9,38.9,999.2,161
2024-10-11 00:00:00,13.7,11.3,17,0.8,,,16,35.2,1011.8,268
2024-10-12 00:00:00,11.4,7.6,15.3,0,,,10.4,29.6,1020,416
2024-10-13 00:00:00,10.8,7.2,15.2,0.6,,,11.9,35.2,1016,63
2024-10-14 00:00:00,11,7.7,14.4,0.2,,,10.8,29.6,1020.8,345
2024-10-15 00:00:00,11.1,5.8,14.6,0.8,,,10.3,31.5,1022.6,350
2024-10-16 00:00:00,9.7,5.7,13.4,0,,,13.2,35.2,1027.8,269
2024-10-17 00:00:00,11,7.5,13.7,0,,,17.7,38.9,1026.3,143
2024-10-18 00:00:00,12.5,9.9,16.5,0,,,18.8,38.9,1023.2,314
2024-10-19 00:00:00,10.2,6.1,16.1,0,,,12.2,29.6,1024.2,357
2024-10-20 00:00:00,9.4,4.2,16.7,0,,,12,31.5,1028.9,465
2024-10-21 00:00:00,9.4,4.3,16.6,0,,,10.1,22.2,1031.2,416
2024-10-22 00:00:00,9.4,5.4,13.8,0,,,7.7,22.2,1029.7,259
2024-10-23 00:00:00,10.9,7.8,14.9,2.2,,,4.4,14.8,1033,46
2024-10-24 00:00:00,11.7,8.8,16.3,0,,,6.1,20.4,1032.3,186
2024-10-25 00:00:00,11.9,8.7,15.6,0.3,,,11,31.5,1026.8,147
2024-10-26 00:00:00,13,11.6,14.7,0,,,11.7,24.1,1023.3,23
2024-10-27 00:00:00,13.6,11.6,16.2,0,,,8.4,24.1,1021.6,105
2024-10-28 00:00:00,13.9,8.7,18,0,,,9.9,24.1,1026.7,274
2024-10-29 00:00:00,12.2,5.5,19.8,0,,,4.6,14.8,1026.8,332
2024-10-30 00:00:00,13.2,9.4,18.5,0,,,6.8,22.2,1026.1,146
2024-10-31 00:00:00,12.8,8.8,16,0,,,8.9,25.9,1027.2,120
2024-11-01 00:00:00,10.2,5.7,15.7,0,,,5.6,16.7,1024.4,223
2024-11-02 00:00:00,9.8,5.3,13,0,,,11.6,33.3,1026.9,53
2024-11-03 00:00:00,4.7,0.3,9.9,0,,,5,18.5,1032.6,279
2024-11-04 00:00:00,5,-1.6,12.8,0,,,6.1,25.9,1030,272
2024-11-05 00:00:00,5.2,0.4,11.7,0,,,11.1,29.6,1031,282
2024-11-06 00:00:00,5.1,0.9,11,0,,,9.9,22.2,1032.3,139
2024-11-07 00:00:00,5.1,1.1,11.9,0,,,9.8,22.2,1034.1,255
2024-11-08 00:00:00,5.4,1.8,10.8,0,,,9.2,24.1,1032.6,261
2024-11-09 00:00:00,4.2,-0.5,11,0,,,5.5,20.4,1030.1,328
2024-11-10 00:00:00,1.3,-3.6,7.5,0,,,5.3,13,1029.2,192
2024-11-11 00:00:00,0.8,-0.6,2.2,0,,,3.8,13,1031,0
2024-11-12 00:00:00,2.6,2.1,3.5,0,,,7.7,14.8,1030.1,1
2024-11-13 00:00:00,2.4,1.9,2.8,0,,,7.8,20.4,1030.1,0
2024-11-14 00:00:00,4.8,2.7,7.5,0.1,,,10.6,29.6,1026.9,53
2024-11-15 00:00:00,6.8,4.4,8.9,0.9,,,13.6,33.3,1025.5,11
2024-11-16 00:00:00,3.4,-0.4,10.2,0,,,9.2,25.9,1023.9,225
2024-11-17 00:00:00,1.4,-1.5,3.6,0,,,10.4,20.4,1015.8,199
2024-11-18 00:00:00,4.2,1,8,1.8,,,11.7,31.5,1013,58
2024-11-19 00:00:00,4.4,2.8,6,0.3,,,7.9,24.1,1008.1,0
2024-11-20 00:00:00,4.9,2,7.2,2.9,,,15.9,38.9,997,2
2024-11-21 00:00:00,3,1,6.2,2.4,,,18.5,38.9,1002.3,130
2024-11-22 00:00:00,2.3,0.6,3.6,1,,,17,42.6,1001.5,6
2024-11-23 00:00:00,3,-1,6.3,0.3,,,17.2,44.5,1022.5,252
2024-11-24 00:00:00,1.4,-1.8,4.4,0,,,14.7,27.8,1027.4,11
2024-11-25 00:00:00,3.2,0.1,7.9,0,,,16.7,35.2,1023.7,161
2024-11-26 00:00:00,5.6,1.7,8.8,0,,,9.8,27.8,1020.8,31
2024-11-27 00:00:00,3.8,-0.3,7,0,,,6.1,20.4,1025.8,10
2024-11-28 00:00:00,6.2,2,8.1,1.8,,,12.2,37,1021.5,0
2024-11-29 00:00:00,6.4,5.1,7.6,1.5,,,24.6,42.6,1026.6,0
2024-11-30 00:00:00,4.1,0,7.3,0,,,11.5,29.6,1033.1,250
2024-12-01 00:00:00,1.6,-2,7,0,,,6.5,18.5,1029.5,221
2024-12-02 00:00:00,2.5,-1.4,8.8,0,,,11.6,24.1,1024.9,210
2024-12-03 00:00:00,1.2,-2.2,3.2,0.1,,,6.1,24.1,1021,5
2024-12-04 00:00:00,3.1,0.1,6.4,0,,,6.2,22.2,1024.1,17
2024-12-05 00:00:00,2,-3.8,6,0,,,9.2,22.2,1027.2,215
2024-12-06 00:00:00,-0.4,-4,2.6,7.2,,,9.6,31.5,1015.7,0
2024-12-07 00:00:00,3,1.3,4.8,1.3,,,10.8,27.8,1013,31
2024-12-08 00:00:00,2.7,-0.2,4.4,0,,,11.8,25.9,1010.2,0
2024-12-09 00:00:00,3,1,4.4,0.6,,,8.6,31.5,1015,1
2024-12-10 00:00:00,4,2.6,5.6,0.5,,,9.1,22.2,1023,9
2024-12-11 00:00:00,2,0.1,3,0,,,14.8,20.4,1026.8,41
2024-12-12 00:00:00,2.1,0.5,3.9,0,,,11.4,16.7,1030.8,97
2024-12-13 00:00:00,0.8,0.2,1.4,0,,,11.1,31.5,1033.8,57
2024-12-14 00:00:00,1.1,0.1,3.9,0,,,13.8,31.5,1022.6,0
2024-12-15 00:00:00,5.1,4.1,6.3,0,,,20.8,38.9,1023.8,21
2024-12-16 00:00:00,8.7,5.7,11.9,0.4,,,15.5,46.3,1028.7,25
2024-12-17 00:00:00,9.3,7.5,10.8,0,,,14.1,33.3,1028.3,36
2024-12-18 00:00:00,4.6,1.9,7.2,0,,,5.7,16.7,1024.4,99
2024-12-19 00:00:00,3.8,1.1,6.3,1.3,,,14.4,27.8,1010.9,108
2024-12-20 00:00:00,6.1,4.2,7.2,9.1,,,20.8,42.6,1012.6,14
2024-12-21 00:00:00,3.5,-0.8,6.3,0,,,14.9,33.3,1021.6,182
2024-12-22 00:00:00,0.8,-1.3,4,1.7,,,6.9,25.9,1008.9,0
2024-12-23 00:00:00,2.6,-0.1,4,0,,,18.2,37,1008.3,1
2024-12-24 00:00:00,4.1,2.3,5.6,0,,,25.6,46.3,1020.3,54
2024-12-25 00:00:00,3.5,0.9,5.5,0,,,18.2,37,1034.3,227
2024-12-26 00:00:00,0.5,-3.3,4.5,0,,,9.8,25.9,1037.8,319
2024-12-27 00:00:00,-0.9,-5.8,6,0,,,5.2,18.5,1034.9,300
2024-12-28 00:00:00,0.1,-3.4,6.3,0,,,3.9,14.8,1030.5,139
2024-12-29 00:00:00,-2.3,-4.5,1.8,0,,,3.5,11.1,1030.1,201
2024-12-30 00:00:00,-2.9,-4.8,-1.6,0,,,5,14.8,1032.1,283
2024-12-31 00:00:00,-2.7,-3.2,-2.1,0,,,7.1,18.5,1033.6,62
2025-01-01 00:00:00,-2.7,-3,-2.4,0,,,6.2,22.2,1029.5,88
2025-01-02 00:00:00,-1.5,-2.6,-0.4,0,,,7.7,22.2,1017.5,103
2025-01-03 00:00:00,1.9,-0.2,3.6,0.4,,,15.4,33.3,1016.8,80
2025-01-04 00:00:00,0.9,-2.1,3,0,,,15.4,35.2,1022.3,144
2025-01-05 00:00:00,-1.7,-5,-0.1,6.5,,,12.5,29.6,1014.3,0
2025-01-06 00:00:00,1.4,-0.2,4.5,0,,,14.4,31.5,1004.6,57
2025-01-07 00:00:00,3.2,-0.1,5.9,2,,,9.7,24.1,1008.3,0
2025-01-08 00:00:00,3.4,-1.6,6.8,0,,,7.9,22.2,1010.8,24
2025-01-09 00:00:00,6.7,3.2,10.1,0,,,13,33.3,1005.6,22
2025-01-10 00:00:00,4.2,2.6,8,1.4,,,26.1,57.4,1014.7,142
2025-01-11 00:00:00,2.1,-0.2,3.7,0,,,21,38.9,1018.9,95
2025-01-12 00:00:00,1.7,0.4,2.6,0,,,28.5,46.3,1027.6,19
2025-01-13 00:00:00,0.9,0.1,2.4,0,,,25.5,40.8,1039,99
2025-01-14 00:00:00,-1.2,-5.5,2.3,0,,,5.2,16.7,1037.4,286
2025-01-15 00:00:00,0.9,-2.7,3.5,1.6,,,10.4,25.9,1028.7,0
2025-01-16 00:00:00,0.5,-3,2.5,0.1,,,4.4,16.7,1038.2,153
2025-01-17 00:00:00,0.6,-1.9,3.1,0,,,6.9,18.5,1041.6,9
2025-01-18 00:00:00,-2.2,-2.8,-1,0,,,6.2,16.7,1038,250
2025-01-19 00:00:00,-2.8,-3.5,-1.8,0,,,8.5,22.2,1032.8,105
2025-01-20 00:00:00,-2.6,-2.9,-2.4,0,,,15.6,29.6,1028.9,4
2025-01-21 00:00:00,-2,-2.8,-1,0,,,8.4,22.2,1022.3,0
2025-01-22 00:00:00,-1.6,-2.1,-1,0,,,9.8,27.8,1018.8,0
2025-01-23 00:00:00,0.6,-0.8,2.6,0,,,13,29.6,1013.4,0
2025-01-24 00:00:00,1.6,-3.7,6.5,0,,,7.3,22.2,1018.4,82
2025-01-25 00:00:00,3.9,2.2,5.7,0,,,16.8,35.2,1018.2,2
2025-01-26 00:00:00,7.1,3.6,11.3,0,,,12.2,33.3,1013,172
2025-01-27 00:00:00,6.6,1.9,14.5,0,,,11.7,29.6,1008.1,191
2025-01-28 00:00:00,8.8,4.1,16.3,6,,,14.5,37,1003.6,61
2025-01-29 00:00:00,6.8,2.7,12.8,5.2,,,8.2,25.9,1012.5,210
2025-01-30 00:00:00,5.4,-0.1,14,0,,,12,25.9,1018.7,356
2025-01-31 00:00:00,4.3,-1.1,8.7,0,,,13.1,33.3,1025.6,83
2025-02-01 00:00:00,2.6,-1.8,5.5,0,,,6.5,18.5,1031.7,321
2025-02-02 00:00:00,3.1,1.3,5,0,,,7.9,20.4,1026.5,72
2025-02-03 00:00:00,1.3,-2.5,5.7,0,,,8.1,25.9,1028.7,300
2025-02-04 00:00:00,-0.9,-5,4.5,0,,,4.1,14.8,1032.3,360
2025-02-05 00:00:00,0.8,-4.5,6,0,,,9.6,25.9,1035.5,370
2025-02-06 00:00:00,3.8,1,6.6,0,,,13.4,33.3,1037.3,82
2025-02-07 00:00:00,2.4,0.1,5.6,0,,,17.4,35.2,1035.1,29
2025-02-08 00:00:00,1.9,0,3.7,0,,,23.6,38.9,1033,45
2025-02-09 00:00:00,2.6,0.2,4.4,0,,,16.8,35.2,1031.9,86
2025-02-10 00:00:00,1.9,-2,7.5,0,,,11.4,25.9,1030.1,124
2025-02-11 00:00:00,1.2,-4.4,6.7,0,,,15.1,31.5,1029.6,361
2025-02-12 00:00:00,0.2,-1,2.6,0.5,,,19.2,35.2,1026.4,0
2025-02-13 00:00:00,0.2,-0.4,1.1,0.2,,,15,25.9,1019.8,0
2025-02-14 00:00:00,0.9,0.3,1.6,0.1,,,17.7,38.9,1020.1,6
2025-02-15 00:00:00,-0.8,-3.1,2.3,0,,,16.2,33.3,1024.9,322
2025-02-16 00:00:00,-2,-5.7,1.5,0,,,7.9,27.8,1022.6,129
2025-02-17 00:00:00,-2.6,-7,0.8,0,,,6,16.7,1025.9,142
2025-02-18 00:00:00,-1.3,-5.7,2.1,0,,,9.8,27.8,1028.6,140
2025-02-19 00:00:00,-3.9,-9,2.6,0,,,6.6,24.1,1033.6,420
2025-02-20 00:00:00,-2.9,-9.1,3.8,0,,,12,31.5,1033.9,416
2025-02-21 00:00:00,-1.7,-6.7,4.2,0,,,13.1,29.6,1034.8,167
2025-02-22 00:00:00,0.3,-4.7,6.5,0,,,18.9,40.8,1030.2,407
2025-02-23 00:00:00,1.8,-4.7,6.1,0,,,8.3,18.5,1031.2,107
2025-02-24 00:00:00,5.9,1.9,13.6,0,,,5.9,18.5,1028,279
2025-02-25 00:00:00,3.6,-0.4,6.9,0,,,12.8,27.8,1021.3,7
2025-02-26 00:00:00,5.8,4.2,6.9,0.6,,,10.5,25.9,1017.5,3
2025-02-27 00:00:00,4.7,2,6.4,10.1,,,3.2,16.7,1019.3,0
2025-02-28 00:00:00,6.9,2.5,11,0,,,13.8,29.6,1021.5,195
2025-03-01 00:00:00,5.4,0.8,9.6,0,,,14.5,31.5,1027.5,256
2025-03-02 00:00:00,4.7,0.4,9.7,0,,,14.1,31.5,1031.5,308
2025-03-03 00:00:00,4.8,-0.6,10.7,0,,,6.1,18.5,1029.8,375
2025-03-04 00:00:00,5.1,-2.7,13.5,0,,,5.6,14.8,1027.9,376
2025-03-05 00:00:00,6.9,-0.8,17.9,0,,,8.1,22.2,1027.9,459
2025-03-06 00:00:00,9.7,2,20.4,0,,,13.9,35.2,1025.3,463
2025-03-07 00:00:00,10.3,1.7,20.5,0,,,13.4,29.6,1021.1,458
2025-03-08 00:00:00,10.4,1.9,19,0,,,9.1,25.9,1016.7,323
2025-03-09 00:00:00,11,4.3,19.1,0,,,14,33.3,1010.2,262
2025-03-10 00:00:00,12,5.5,18.2,0.4,,,20.5,42.6,1002.9,191
2025-03-11 00:00:00,8.6,2.1,13.7,0.2,,,7.6,22.2,1003.9,194
2025-03-12 00:00:00,12.1,5.5,18.8,0.5,,,20.5,38.9,999.2,219
2025-03-13 00:00:00,10.4,6.2,13,8,,,17.6,37,994.9,21
2025-03-14 00:00:00,5.9,4,8.4,17.5,,,12.3,25.9,1004.6,6
2025-03-15 00:00:00,5.4,3.8,7.4,4.1,,,8.5,29.6,1011.5,44
2025-03-16 00:00:00,5.2,3.4,8.4,0.2,,,11,25.9,1014.5,154
2025-03-17 00:00:00,2.9,-0.2,5.3,0,,,24.3,38.9,1021.7,260
2025-03-18 00:00:00,2,-2.5,6.8,0,,,8.2,31.5,1032.3,393
2025-03-19 00:00:00,2.8,-4,10,0,,,10.6,27.8,1032.5,400
2025-03-20 00:00:00,5.1,-3.6,13.8,0,,,10.9,27.8,1029.6,376
2025-03-21 00:00:00,7.4,0.7,15.5,0,,,12.6,27.8,1023.5,406
2025-03-22 00:00:00,9,3.7,14,0,,,18.6,37,1013.8,166
2025-03-23 00:00:00,12,5.9,18.3,0,,,19.1,40.8,1008.1,175
2025-03-24 00:00:00,10.2,4.9,15.4,0.2,,,6,18.5,1011.9,119
2025-03-25 00:00:00,12.8,8.9,17.1,0,,,6.3,22.2,1016.8,198
2025-03-26 00:00:00,11.2,4.5,16.6,0.4,,,8.7,25.9,1016.8,238
2025-03-27 00:00:00,10.7,7.3,15.5,0,,,18.7,42.6,1016.1,286
2025-03-28 00:00:00,9.6,5,13.6,3.2,,,11.2,27.8,1011.2,143
2025-03-29 00:00:00,10.5,9.5,11.9,18.1,,,10.5,24.1,1008.3,0
2025-03-30 00:00:00,11.1,9.2,14.4,0.8,,,19.6,37,1011.6,75
2025-03-31 00:00:00,8.8,6.7,11.5,0.1,,,21,38.9,1014.8,183
2025-04-01 00:00:00,10.4,8,14.4,0,,,20.8,37,1019.2,73
2025-04-02 00:00:00,10.5,5.6,14.5,0.1,,,16.2,29.6,1020.7,78
2025-04-03 00:00:00,13.5,8.1,19,0,,,14.6,33.3,1021.5,457
2025-04-04 00:00:00,13.1,5.5,19.4,0,,,6.2,20.4,1020.1,477
2025-04-05 00:00:00,11.5,5.1,19.3,0,,,20,46.3,1010.7,299
2025-04-06 00:00:00,2.8,0.5,4.7,0,,,27.8,44.5,1019.5,224
2025-04-07 00:00:00,4.8,1.2,7.4,0,,,16.4,38.9,1022.8,122
2025-04-08 00:00:00,7.7,3.7,12,0,,,13.7,37,1024.4,151
2025-04-09 00:00:00,8,-0.2,13.9,0,,,10.7,29.6,1021.8,334
2025-04-10 00:00:00,9.9,8,11.7,0,,,26.6,46.3,1019.8,150
2025-04-11 00:00:00,12.9,4.6,19.4,0,,,22.2,48.2,1015.2,333
2025-04-12 00:00:00,12.7,9.2,17.3,0,,,8.9,25.9,1016.9,371
2025-04-13 00:00:00,13.2,5.5,19.3,0,,,14.8,35.2,1011.9,262
2025-04-14 00:00:00,14.7,7.5,20.7,0,,,14.7,27.8,1012,312
2025-04-15 00:00:00,14.3,11,17.6,1.8,,,21.2,40.8,1008.7,30
2025-04-16 00:00:00,17.8,10,24.6,0,,,17.4,40.8,1011.5,436
2025-04-17 00:00:00,17.8,12.2,24.6,0,,,19.8,40.8,1011.8,346
2025-04-18 00:00:00,13.6,9.4,15.8,5.1,,,16.3,31.5,1010.7,210
2025-04-19 00:00:00,12,4.2,19.2,0,,,11.9,27.8,1012.9,334
2025-04-20 00:00:00,14.5,7.1,22,0,,,11.2,29.6,1008.7,380
2025-04-21 00:00:00,16.2,10.3,22.6,0,,,6.4,27.8,1009.4,374
2025-04-22 00:00:00,18.3,14,22.5,0,,,15.3,37,1015,324
2025-04-23 00:00:00,18.5,12.9,24,0,,,4.6,20.4,1014,338
2025-04-24 00:00:00,15.9,13.1,18.5,0,,,21.3,38.9,1011,141
2025-04-25 00:00:00,12.3,11.3,14.2,0.7,,,24,40.8,1012.1,0
2025-04-26 00:00:00,13.1,9.7,18.8,2.3,,,13,31.5,1017.3,126
2025-04-27 00:00:00,12,5,18,0,,,8.7,20.4,1024.8,531
2025-04-28 00:00:00,13.7,5.9,21,0,,,10.8,24.1,1026.5,516
2025-04-29 00:00:00,15.4,8.2,22.2,0,,,6.9,16.7,1024.6,483
2025-04-30 00:00:00,17.6,10.5,24.9,0,,,5.9,25.9,1021.7,462
2025-05-01 00:00:00,18.3,9.4,25.1,0,,,6.5,24.1,1020.3,470
2025-05-02 00:00:00,18.5,9.2,27.4,0,,,8.3,22.2,1017.9,504
2025-05-03 00:00:00,19,12.2,27.8,1.2,,,8.3,32,1010.8,355
2025-05-04 00:00:00,16.7,14,19,0.6,,,12.5,33.3,1007.2,108
2025-05-05 00:00:00,11,8.9,13.5,3.4,,,15.9,27.8,1010.4,0
2025-05-06 00:00:00,10.3,8.3,13.8,5.3,,,14.1,29.6,1013.3,24
2025-05-07 00:00:00,12.1,10,14.7,0,,,11.8,27.8,1014.9,81
2025-05-08 00:00:00,11.9,9.1,15.4,0,,,13,31.5,1014.1,51
2025-05-09 00:00:00,11.3,5.5,16.2,0,,,11.2,29.6,1018.3,282
2025-05-10 00:00:00,12.8,4.3,18.8,0,,,7.1,20.4,1020.3,491
2025-05-11 00:00:00,13.5,8.5,18.1,0,,,11.5,31.5,1016.1,337
2025-05-12 00:00:00,12,5,16.7,0,,,10.5,27.8,1015.3,380
2025-05-13 00:00:00,12.5,5.2,18.7,0,,,6.1,20.4,1017.7,375
2025-05-14 00:00:00,14.4,5.3,22.2,0,,,9,25.9,1015.4,403
2025-05-15 00:00:00,13.5,9.6,17.1,2,,,17,35.2,1009.7,117
2025-05-16 00:00:00,10.5,5.1,15.7,0,,,17.1,33.3,1014.4,256
2025-05-17 00:00:00,12.4,8.7,17.1,0.5,,,19.5,40.8,1011.7,155
2025-05-18 00:00:00,11.3,8.4,15.4,3.8,,,11.6,37,1012.7,67
2025-05-19 00:00:00,13.2,10.2,16.5,0.7,,,12.2,35.2,1015.7,24
2025-05-20 00:00:00,15.6,10.8,19.9,0,,,7.8,18.5,1017,244
2025-05-21 00:00:00,16.1,10.1,21.9,0,,,9.7,25.9,1012.5,240
2025-05-22 00:00:00,16.1,12.7,21.7,2.5,,,9.5,31.5,1008.3,85
2025-05-23 00:00:00,12.4,9.5,15.5,0.2,,,19.2,31.5,1013.4,47
2025-05-24 00:00:00,13.3,6.8,18.3,0,,,12.8,29.6,1017,374
2025-05-25 00:00:00,14,4.4,21,0,,,10.9,31.5,1015.8,354
2025-05-26 00:00:00,16.2,13.5,21.7,11.5,,,13.7,35.2,1014.6,209
2025-05-27 00:00:00,17.5,13.2,21.8,0.2,,,13.2,31.5,1018.4,375
2025-05-28 00:00:00,17.9,13.9,21.6,0,,,19.4,40.8,1016,188
2025-05-29 00:00:00,16.2,13,20,0,,,26.2,46.3,1017,
2025-05-30 00:00:00,15.9,10.8,20.1,0,,,10.3,20.4,1021.5,130
2025-05-31 00:00:00,20.2,11.3,28.3,0,,,6.3,16.7,1019.9,538
2025-06-01 00:00:00,22.5,14.2,29.5,0,,,10.5,25.9,1016.3,423
2025-06-02 00:00:00,22.4,14.2,29.8,9.6,,,8.7,31,1014.7,344
2025-06-03 00:00:00,19.7,16.8,24,4.2,,,7.6,25.9,1016,152
2025-06-04 00:00:00,21.9,14.2,29.7,0,,,13.1,35.2,1013.7,533
2025-06-05 00:00:00,24.4,20.6,29.2,0,,,15.8,29.6,1012.6,
2025-06-06 00:00:00,23.1,15.5,28.7,0,,,8.3,24.1,1014.2,
2025-06-07 00:00:00,21.6,18.2,28,20.5,,,9.1,31.5,1013.1,
2025-06-08 00:00:00,17.1,16,18.1,7.7,,,7.9,27.8,1015.3,
2025-06-09 00:00:00,16.7,13,20.6,0,,,14.9,33.3,1023.4,
2025-06-10 00:00:00,18.6,11,25.1,0,,,15.4,35.2,1020.3,
2025-06-11 00:00:00,20.2,16.2,23.1,0,,,18.1,40.8,1017.5,
2025-06-12 00:00:00,18.4,11,24.5,0,,,8.7,24.1,1021.3,
2025-06-13 00:00:00,19.9,13.6,25.4,0,,,10.6,29.6,1023.3,
2025-06-14 00:00:00,20,12.3,26.6,0,,,8,22.2,1022.6,
2025-06-15 00:00:00,22,13.4,29.6,0,,,8.1,18.5,1018.6,
2025-06-16 00:00:00,19.7,16.2,23.1,0,,,23.9,40.8,1019.6,
2025-06-17 00:00:00,20.2,15.8,25,0.5,,,21.6,35.2,1023.1,
2025-06-18 00:00:00,22.7,14.5,28.6,0,,,7.1,18.5,1021.3,
2025-06-19 00:00:00,24.4,18.4,29.8,0,,,14.6,37,1018.8,
2025-06-20 00:00:00,20.4,15.5,24.9,0,,,15.1,31.5,1022.8,
2025-06-21 00:00:00,20,12.8,25.8,0,,,7,18.5,1023.6,
2025-06-22 00:00:00,21.8,12,30,0,,,6.4,18.5,1020.3,
2025-06-23 00:00:00,22.9,14,33.2,4.5,,,9.9,35,1013.3,
2025-06-24 00:00:00,24.2,18.9,30.1,0,,,16.7,37,1013.5,
2025-06-25 00:00:00,27.4,20.6,33.4,0,,,16.7,35.2,1012.9,
2025-06-26 00:00:00,27.6,19.6,35.3,0.8,,,9.2,31.5,1013,
2025-06-27 00:00:00,24.5,20.4,30.2,2.6,,,21,40.8,1018.3,
2025-06-28 00:00:00,23.2,18.9,28.8,0,,,20.2,40.8,1022.5,
2025-06-29 00:00:00,26.2,18.8,32.3,0,,,11.8,33.3,1020,
2025-06-30 00:00:00,26.1,20.8,30.9,0,,,13.6,33.3,1017.7,
2025-07-01 00:00:00,24.8,16.6,31,0,,,8.4,18.5,1018.2,
2025-07-02 00:00:00,25.1,16.2,33.4,0,,,11.1,24.1,1018.1,
2025-07-03 00:00:00,26.5,16.1,36,0,,,12.6,29.6,1017.2,
2025-07-04 00:00:00,23.6,19.7,26.8,0,,,18.4,35.2,1021.2,
2025-07-05 00:00:00,22.9,13.7,29.5,0,,,7.7,24.1,1018.7,
2025-07-06 00:00:00,24.9,17.7,33.7,13,,,12.5,29.6,1009.9,
2025-07-07 00:00:00,19.7,17.3,21.7,4.2,,,12.2,29.6,1005.4,
2025-07-08 00:00:00,16.3,13.7,18.4,20.7,,,15.8,46.3,1006.7,22
2025-07-09 00:00:00,16.8,13.4,20.2,6,,,25,44.5,1012.9,121
2025-07-10 00:00:00,18.8,15.9,23,0,,,23.8,40.8,1015.7,397
2025-07-11 00:00:00,19.2,14.8,23.3,0,,,15.5,35.2,1014.7,437
2025-07-12 00:00:00,19.3,12.7,25.2,0,,,10.6,25.9,1013.4,377
2025-07-13 00:00:00,22.4,14.9,29,0,,,11.3,27.8,1012.6,660
2025-07-14 00:00:00,23.8,16.2,30.1,0,,,12.7,35.2,1014.2,
2025-07-15 00:00:00,24.4,21,29.5,0,,,19.3,37,1015.2,541
2025-07-16 00:00:00,21.1,18.2,25.7,2,,,15.4,33.3,1013.8,349
2025-07-17 00:00:00,18,15.5,22,4.4,,,18.8,37,1013,331
2025-07-18 00:00:00,18.4,16,21.2,2.4,,,13.1,31.5,1013.1,231
2025-07-19 00:00:00,21.6,14,28.3,0,,,6.3,16.7,1011.5,701
2025-07-20 00:00:00,24.5,16.6,31,0,,,6.7,18.5,1008.1,762
2025-07-21 00:00:00,24,18.5,32.4,0,,,17,42.6,1004.9,589
2025-07-22 00:00:00,22.8,16,27.9,0,,,17.3,38.9,1010.9,679
2025-07-23 00:00:00,23.1,18.1,28.1,0,,,8.6,20.4,1013.2,527
2025-07-24 00:00:00,22.9,18.6,30,10.3,,,8.9,24.1,1010.9,401
2025-07-25 00:00:00,22.2,17.6,26.8,0.1,,,10.4,25.9,1013.2,488
2025-07-26 00:00:00,20.8,19.2,22.9,20.2,,,8.2,22.2,1011.6,113
2025-07-27 00:00:00,20,18,21.7,0.8,,,16.4,37,1007.2,73
2025-07-28 00:00:00,20.6,17.6,25.1,0.1,,,21.6,35.2,1006.5,370
2025-07-29 00:00:00,20.2,17.2,24.2,0,,,23.2,38.9,1012.2,268
2025-07-30 00:00:00,19.7,15.3,24.6,0,,,17.7,29.6,1015.7,622
2025-07-31 00:00:00,20.3,16.3,24.6,0,,,14.4,31.5,1015.7,597
2025-08-01 00:00:00,20.6,15.2,26.1,3,,,10.9,25.9,1013.2,386
2025-08-02 00:00:00,19.6,14.1,24.9,10,,,6.2,22.2,1011.5,414
2025-08-03 00:00:00,18.8,16.2,22.2,2,,,15.6,33.3,1015.2,272
2025-08-04 00:00:00,18.2,15.3,22.5,0.3,,,17.7,33.3,1019.4,485
2025-08-05 00:00:00,20.4,15.2,26,0,,,8.9,20.4,1018.9,766
2025-08-06 00:00:00,19.8,15.6,23.4,0.8,,,19.1,35.2,1022.2,652
2025-08-07 00:00:00,18.8,11.3,25.6,0,,,9.5,27.8,1021.9,781
2025-08-08 00:00:00,22.1,13.8,30.8,0,,,7.1,20.4,1019.8,772
2025-08-09 00:00:00,24.7,17.6,32.1,0,,,5.4,16.7,1020,746
2025-08-10 00:00:00,26.1,18,33.6,0,,,10.3,35.2,1019.9,715
2025-08-11 00:00:00,22.7,19,27.3,0,,,12.1,25.9,1023.3,780
2025-08-12 00:00:00,21.7,14.2,28.8,0,,,7.9,20.4,1020.8,766
2025-08-13 00:00:00,24.5,16,32.3,0,,,11.8,29.6,1018.2,770
2025-08-14 00:00:00,25.5,17.4,33.6,0,,,8.9,20.4,1018.2,771
2025-08-15 00:00:00,26.7,18.7,34.6,0,,,5.8,14.8,1018.2,769
2025-08-16 00:00:00,26.5,18.4,33.8,0,,,10.6,33.3,1014.8,648
2025-08-17 00:00:00,23.2,18.3,27.2,0,,,20.7,37,1014.1,401
2025-08-18 00:00:00,20.9,14.4,25.5,0,,,15.3,29.6,1017.1,679
2025-08-19 00:00:00,20,12.5,26.5,0,,,6.3,14.8,1015.2,761
2025-08-20 00:00:00,21.9,14.4,29.6,0,,,7.1,18.5,1008.6,675
2025-08-21 00:00:00,19.4,17.4,21.6,19,,,10.8,24.1,1005.9,61
2025-08-22 00:00:00,19.5,16.2,23.2,9.1,,,19,40.8,1009.8,488
2025-08-23 00:00:00,16.8,13.2,20.5,0,,,15,37,1015.3,410
2025-08-24 00:00:00,15.3,9.9,20.5,0.3,,,10.9,29.6,1019.6,694
2025-08-25 00:00:00,17,11.4,23.4,0,,,6.1,24.1,1018.1,636
2025-08-26 00:00:00,18.1,11,26.1,0,,,6.6,18.5,1014.8,626
2025-08-27 00:00:00,19.9,13,27,0,,,7.8,18.5,1013.8,501
2025-08-28 00:00:00,23.7,15,31,0.1,,,19,48.2,1009.2,564
2025-08-29 00:00:00,24.2,18.5,32,0.3,,,15.8,29.6,1005.6,378
2025-08-30 00:00:00,19,15,22,7.8,,,7.8,27.8,1008.2,307
2025-08-31 00:00:00,18.8,17,22,7.8,,,19.5,35.2,1011.2,142
2025-09-01 00:00:00,20,13.6,27,0,,,9.8,31.5,1010.6,668
2025-09-02 00:00:00,20.1,15.8,25,0.4,,,10.5,25.9,1010.1,430
2025-09-03 00:00:00,21.2,18,26.2,0,,,12,27.8,1014.2,511
2025-09-04 00:00:00,20.9,14,28,0,,,5.6,16.7,1015.6,733
2025-09-05 00:00:00,21.2,16.9,27,0.8,,,15.8,44.5,1016.8,438
2025-09-06 00:00:00,18,14,23,1.9,,,23.7,42.6,1022.1,498
2025-09-07 00:00:00,18.7,12.9,25,0,,,6.5,20.4,1020.2,642
2025-09-08 00:00:00,19,13,25,0,,,7.6,25.9,1015.9,566
2025-09-09 00:00:00,19.1,11.9,25.2,0,,,6.9,18.5,1013.6,566
2025-09-10 00:00:00,19.2,16.9,22,17.6,,,14.5,29.6,1011.6,75
2025-09-11 00:00:00,19.8,16,25,10.7,,,13.6,33.3,1010.7,495
2025-09-12 00:00:00,18.5,15,23,0.4,,,6.4,20.4,1018.4,299
2025-09-13 00:00:00,19.5,16,25,2.4,,,7.5,20.4,1019.8,274
2025-09-14 00:00:00,18.3,15,20.5,5.3,,,14.9,33.3,1015.7,109
2025-09-15 00:00:00,18.1,10,27,0,,,8.8,25.9,1017.8,370
2025-09-16 00:00:00,18.4,16.3,21,0.8,,,10.3,27.8,1018,149
2025-09-17 00:00:00,16.5,13,20.7,0.3,,,16.6,37,1021.9,473
2025-09-18 00:00:00,17.2,13,22.9,0,,,7,20.4,1024.8,295
2025-09-19 00:00:00,18.9,11,27.7,0,,,5.8,18.5,1026.2,666
2025-09-20 00:00:00,20.3,13.9,29,0,,,13.2,33.3,1023.2,669
2025-09-21 00:00:00,21.1,14,31,0,,,13.5,38.9,1015.8,639
2025-09-22 00:00:00,20.6,14,29,0,,,11.6,31.5,1011.7,633
2025-09-23 00:00:00,15.8,13.9,18.7,1.3,,,16.3,31.5,1016.4,105
2025-09-24 00:00:00,13.7,12.6,15,4.9,,,13.6,25.9,1017.4,22
2025-09-25 00:00:00,12.8,11.9,13.2,5.5,,,14.6,25.9,1019.3,13
2025-09-26 00:00:00,13,11.7,15,8.2,,,14.2,27.8,1023.7,35
2025-09-27 00:00:00,14.2,11,19,0.5,,,11.5,25.9,1023.8,316
2025-09-28 00:00:00,14.4,10,19.2,0,,,11.1,27.8,1019.9,278
2025-09-29 00:00:00,11.5,6,16.4,0,,,11.3,31.5,1019.9,446
2025-09-30 00:00:00,9.9,5,15,0,,,7.2,24.1,1023.1,395
2025-10-01 00:00:00,9.9,7,13,0.6,,,15.7,35.2,1024.9,227
2025-10-02 00:00:00,9.1,6,13,0,,,18,37,1026.2,438
2025-10-03 00:00:00,8.6,4,13,0,,,16.2,35.2,1023,602
2025-10-04 00:00:00,9.5,2,15,1.1,,,10.5,29.6,1013,487
2025-10-05 00:00:00,12.1,10,14,1.6,,,15.8,33.3,1012.2,109
2025-10-06 00:00:00,10.9,9,14.2,1.6,,,19.1,38.9,1017.5,72
2025-10-07 00:00:00,12.6,10.5,16,0.4,,,20.1,35.2,1021,204
2025-10-08 00:00:00,13.1,8.8,17.1,0,,,7.7,25.9,1021,455
2025-10-09 00:00:00,14.2,12,16,1.8,,,7.8,25.9,1019.9,76
2025-10-10 00:00:00,13.1,10,15.8,0,,,12.8,38.9,1026.1,266
2025-10-11 00:00:00,14.6,13,17,0,,,16.3,38.9,1028.6,230
2025-10-12 00:00:00,13.9,12.9,15,0,,,15.2,31.5,1026.5,347
2025-10-13 00:00:00,12.5,6.3,15.4,0.1,,,13,31.5,1023.6,173
2025-10-14 00:00:00,9.3,3.2,14.2,0.4,,,6.3,22.2,1023.1,282
2025-10-15 00:00:00,12.1,10,15,0.9,,,5.2,14.8,1023.5,113
2025-10-16 00:00:00,10.8,6.4,14,0.3,,,5.4,16.7,1023.1,252
2025-10-17 00:00:00,9.4,6,13,0,,,4.7,18.5,1021.6,196
2025-10-18 00:00:00,10.6,5.2,13.2,0,,,15,37,1023.1,295
2025-10-19 00:00:00,6.1,-0.4,12,0,,,5.9,16.7,1023.6,490
2025-10-20 00:00:00,8,1.7,14,0,,,16.8,38.9,1014.5,291
2025-10-21 00:00:00,10.8,8,14.2,0,,,19.8,31.5,1007.8,126
2025-10-22 00:00:00,12.4,7,19,0.5,,,15,27.8,1005.6,196
2025-10-23 00:00:00,13.3,7.6,21,11.6,,,20.5,42.6,998.5,223
2025-10-24 00:00:00,10.9,7.9,14.2,10.6,,,23.1,55.5,1002.6,281
2025-10-25 00:00:00,8.8,4,13,0.7,,,8,24.1,1008.2,197
2025-10-26 00:00:00,10.7,7,14.7,0,,,15.6,37,1005.6,211
2025-10-27 00:00:00,8.2,5.7,10,3.8,,,16,31.5,1005,39
2025-10-28 00:00:00,10,8,13.2,0.8,,,17.5,38.9,1011.3,224
2025-10-29 00:00:00,13.5,8,18,0,,,13.7,27.8,1012.9,443
2025-10-30 00:00:00,12.4,8,17,0,,,11.6,38.9,1010.1,192
2025-10-31 00:00:00,10.2,5,15,0,,,8.1,24.1,1018.9,151
2025-11-01 00:00:00,14.4,9.7,21,0,,,14.6,31.5,1017.1,278
2025-11-02 00:00:00,12.5,7,17,0.1,,,10.6,29.6,1013.4,125
2025-11-03 00:00:00,10.6,7.8,13,7.2,,,19,40.8,1018.4,71
2025-11-04 00:00:00,8.4,3,15,0,,,6.2,18.5,1026.5,416
2025-11-05 00:00:00,7,2.8,14,0,,,10.4,25.9,1025.4,433
2025-11-06 00:00:00,7,2,13.5,0,,,12,33.3,1019.8,436
2025-11-07 00:00:00,6.6,2,13,0,,,10.4,33.3,1017.7,375
2025-11-08 00:00:00,6.8,2.8,9.3,0.7,,,8.4,18.5,1015.6,62
2025-11-09 00:00:00,8.6,6,11,0.1,,,6.5,18.5,1017,80
2025-11-10 00:00:00,8.7,5,11,0,,,5.2,18.5,1016.8,145
2025-11-11 00:00:00,6.5,2,11,0,,,7.3,18.5,1018.2,37
2025-11-12 00:00:00,5,4,6,0,,,8.3,18.5,1021.9,14
2025-11-13 00:00:00,4.5,3,5.3,0,,,10.7,24.1,1022.5,6
2025-11-14 00:00:00,6.3,5,8,0.2,,,13.6,29.6,1018.5,1
2025-11-15 00:00:00,7.4,7,8,0,,,9.5,22.2,1014.3,5
2025-11-16 00:00:00,8.3,7,10,0,,,7.9,20.4,1010,103
2025-11-17 00:00:00,7.9,4.8,10,21.4,,,13.6,46.3,1004.2,0
2025-11-18 00:00:00,3.8,-2,7,0.1,,,13.3,35.2,1018.4,329
2025-11-19 00:00:00,0.3,-3.3,5,0,,,8.8,25.9,1014.6,318
2025-11-20 00:00:00,4,2,5.3,0,,,10.6,27.8,1009.4,48
2025-11-21 00:00:00,3.2,1.7,4,0.6,,,17.3,37,1014,0
2025-11-22 00:00:00,1.8,-1,3,0.4,,,28.1,40.8,1021,101
2025-11-23 00:00:00,-1.4,-6,1,0.8,,,17.3,35.2,1016.7,136
2025-11-24 00:00:00,-0.6,-5.3,3,0.8,,,16.1,29.6,1007.1,25
2025-11-25 00:00:00,3.3,1.7,5,16.9,,,13.4,27.8,1001.4,0
2025-11-26 00:00:00,3,2,4,3.5,,,20.7,33.3,1009.6,78
2025-11-27 00:00:00,3.1,0,5.3,0,,,18.2,25.9,1022.3,125
2025-11-28 00:00:00,0.4,-4,5,0,,,9.2,20.4,1021.7,122
2025-11-29 00:00:00,-0.3,-4,5,0,,,5.2,22.2,1016.6,111
2025-11-30 00:00:00,1.7,-1,3.3,0,,,5.9,25.9,1014.9,109
2025-12-01 00:00:00,3.1,0.7,6.6,0,,,6.2,25.9,1019.9,114
2025-12-02 00:00:00,1.8,1,2,0.5,,,16.5,31.5,1020.3,0
2025-12-03 00:00:00,4.1,1.9,6,1.1,,,11,25.9,1018.2,0
2025-12-04 00:00:00,5,3.7,6.3,3,,,7,24.1,1013.6,1
2025-12-05 00:00:00,6.2,4.7,8,8.4,,,14.5,24.1,1010.6,0
2025-12-06 00:00:00,6,5,7,2.2,,,5.2,20.4,1015,39
2025-12-07 00:00:00,6.1,5,7.1,0.2,,,4.1,14.8,1016.2,135
2025-12-08 00:00:00,5.9,4.9,7,2.2,,,6.8,18.5,1020.5,0
2025-12-09 00:00:00,5.4,4,6.1,0,,,8.6,18.5,1021.8,110
2025-12-10 00:00:00,4.6,3.9,6,0,,,3.8,14.8,1022.2,92
2025-12-11 00:00:00,5.8,1,11,0,,,5.9,18.5,1024.4,91
2025-12-12 00:00:00,3.4,2,4.3,0,,,4.5,14.8,1025.7,59
2025-12-13 00:00:00,2.2,1.8,3,0,,,6,14.8,1028.9,4
2025-12-14 00:00:00,2.3,1,3,0,,,6.1,18.5,1029.2,5
2025-12-15 00:00:00,0.6,-0.1,2,0,,,13.5,24.1,1027.2,3
2025-12-16 00:00:00,1.1,0,2,0,,,16.4,31.5,1024,42
2025-12-17 00:00:00,2,0.7,3.1,0.1,,,10.8,27.8,1023.9,6
2025-12-18 00:00:00,3.1,2.6,4,0,,,8.6,22.2,1027.6,16
2025-12-19 00:00:00,5.4,4,6.1,0,,,7.1,22.2,1025.7,0
2025-12-20 00:00:00,4.2,3,5.4,0,,,5.1,16.7,1021.7,5
